Date,Time,Global active power
1/1/2008,00:00:00,0.3921
1/1/2008,00:15:00,0.38870000000000005
1/1/2008,00:30:00,0.4199333333333332
1/1/2008,00:45:00,0.39973333333333344
1/1/2008,01:00:00,0.3969333333333333
1/1/2008,01:15:00,0.4341333333333333
1/1/2008,01:30:00,0.39610000000000006
1/1/2008,01:45:00,0.3876
1/1/2008,02:00:00,0.4159333333333334
1/1/2008,02:15:00,0.5126666666666666
1/1/2008,02:30:00,0.6987333333333333
1/1/2008,02:45:00,0.6914
1/1/2008,03:00:00,0.6773000000000001
1/1/2008,03:15:00,0.6523000000000001
1/1/2008,03:30:00,0.6747
1/1/2008,03:45:00,0.6947000000000001
1/1/2008,04:00:00,0.7174333333333334
1/1/2008,04:15:00,0.6130666666666668
1/1/2008,04:30:00,0.6237333333333334
1/1/2008,04:45:00,0.5875333333333335
1/1/2008,05:00:00,0.5899999999999999
1/1/2008,05:15:00,0.7016333333333333
1/1/2008,05:30:00,0.5949666666666668
1/1/2008,05:45:00,0.5872666666666667
1/1/2008,06:00:00,0.6197666666666666
1/1/2008,06:15:00,0.6020333333333332
1/1/2008,06:30:00,0.6085999999999999
1/1/2008,06:45:00,0.3691999999999999
1/1/2008,07:00:00,0.33643333333333336
1/1/2008,07:15:00,0.3216333333333334
1/1/2008,07:30:00,0.33666666666666667
1/1/2008,07:45:00,0.34359999999999996
1/1/2008,08:00:00,0.3192333333333332
1/1/2008,08:15:00,0.32669999999999993
1/1/2008,08:30:00,0.3547
1/1/2008,08:45:00,0.32116666666666666
1/1/2008,09:00:00,0.33899999999999997
1/1/2008,09:15:00,0.3680333333333332
1/1/2008,09:30:00,0.3284666666666667
1/1/2008,09:45:00,0.3210333333333333
1/1/2008,10:00:00,0.3522666666666667
1/1/2008,10:15:00,0.10799999999999996
1/1/2008,10:30:00,0.21459999999999999
1/1/2008,10:45:00,0.13243333333333335
1/1/2008,11:00:00,0.10260000000000001
1/1/2008,11:15:00,0.14736666666666667
1/1/2008,11:30:00,0.19393333333333332
1/1/2008,11:45:00,0.197
1/1/2008,12:00:00,0.7496333333333333
1/1/2008,12:15:00,1.0014333333333336
1/1/2008,12:30:00,0.7126666666666667
1/1/2008,12:45:00,0.5291
1/1/2008,13:00:00,0.7019666666666666
1/1/2008,13:15:00,0.7936333333333333
1/1/2008,13:30:00,0.2194666666666667
1/1/2008,13:45:00,0.3428666666666667
1/1/2008,14:00:00,0.8909666666666667
1/1/2008,14:15:00,0.7908333333333333
1/1/2008,14:30:00,0.5954666666666669
1/1/2008,14:45:00,0.7784000000000001
1/1/2008,15:00:00,0.7073666666666667
1/1/2008,15:15:00,0.37986666666666663
1/1/2008,15:30:00,0.3915
1/1/2008,15:45:00,0.35043333333333326
1/1/2008,16:00:00,0.3452
1/1/2008,16:15:00,0.44113333333333343
1/1/2008,16:30:00,0.30406666666666665
1/1/2008,16:45:00,0.0721
1/1/2008,17:00:00,0.08343333333333332
1/1/2008,17:15:00,0.07736666666666667
1/1/2008,17:30:00,0.15059999999999998
1/1/2008,17:45:00,0.2985
1/1/2008,18:00:00,0.40316666666666673
1/1/2008,18:15:00,0.40770000000000006
1/1/2008,18:30:00,0.4856666666666666
1/1/2008,18:45:00,0.5140333333333333
1/1/2008,19:00:00,0.6690666666666667
1/1/2008,19:15:00,0.8326333333333334
1/1/2008,19:30:00,0.6561333333333333
1/1/2008,19:45:00,0.6708666666666667
1/1/2008,20:00:00,0.7071666666666667
1/1/2008,20:15:00,0.739
1/1/2008,20:30:00,0.7931333333333332
1/1/2008,20:45:00,0.5662333333333335
1/1/2008,21:00:00,0.8017666666666667
1/1/2008,21:15:00,0.8695666666666667
1/1/2008,21:30:00,0.8206666666666667
1/1/2008,21:45:00,0.6990666666666667
1/1/2008,22:00:00,0.7294999999999999
1/1/2008,22:15:00,0.5908666666666665
1/1/2008,22:30:00,0.6508333333333334
1/1/2008,22:45:00,0.9844000000000002
1/1/2008,23:00:00,0.8113999999999998
1/1/2008,23:15:00,0.35726666666666673
1/1/2008,23:30:00,0.22836666666666666
1/1/2008,23:45:00,0.2385
2/1/2008,00:00:00,0.363
2/1/2008,00:15:00,0.5815333333333333
2/1/2008,00:30:00,0.11406666666666666
2/1/2008,00:45:00,0.10010000000000001
2/1/2008,01:00:00,0.09326666666666666
2/1/2008,01:15:00,0.10746666666666667
2/1/2008,01:30:00,0.08983333333333332
2/1/2008,01:45:00,0.08723333333333333
2/1/2008,02:00:00,0.11363333333333332
2/1/2008,02:15:00,0.09636666666666667
2/1/2008,02:30:00,0.08406666666666669
2/1/2008,02:45:00,0.10333333333333333
2/1/2008,03:00:00,0.078
2/1/2008,03:15:00,0.07039999999999998
2/1/2008,03:30:00,0.09856666666666668
2/1/2008,03:45:00,0.08269999999999998
2/1/2008,04:00:00,0.07196666666666666
2/1/2008,04:15:00,0.09516666666666666
2/1/2008,04:30:00,0.0876666666666667
2/1/2008,04:45:00,0.07923333333333332
2/1/2008,05:00:00,0.10963333333333335
2/1/2008,05:15:00,0.09916666666666667
2/1/2008,05:30:00,0.07299999999999998
2/1/2008,05:45:00,0.08330000000000001
2/1/2008,06:00:00,0.09506666666666669
2/1/2008,06:15:00,0.07763333333333333
2/1/2008,06:30:00,0.3005333333333333
2/1/2008,06:45:00,0.3618999999999999
2/1/2008,07:00:00,0.15089999999999998
2/1/2008,07:15:00,0.08309999999999998
2/1/2008,07:30:00,0.08936666666666668
2/1/2008,07:45:00,0.11183333333333333
2/1/2008,08:00:00,0.08716666666666666
2/1/2008,08:15:00,0.0739
2/1/2008,08:30:00,0.09696666666666669
2/1/2008,08:45:00,0.5919666666666666
2/1/2008,09:00:00,0.4676666666666667
2/1/2008,09:15:00,0.43546666666666667
2/1/2008,09:30:00,0.5663
2/1/2008,09:45:00,0.6365333333333335
2/1/2008,10:00:00,0.5209666666666667
2/1/2008,10:15:00,0.5055333333333333
2/1/2008,10:30:00,0.4560666666666667
2/1/2008,10:45:00,0.3429666666666667
2/1/2008,11:00:00,0.35706666666666664
2/1/2008,11:15:00,0.34023333333333333
2/1/2008,11:30:00,0.3379
2/1/2008,11:45:00,0.4099333333333333
2/1/2008,12:00:00,0.4048
2/1/2008,12:15:00,0.4112333333333333
2/1/2008,12:30:00,0.40953333333333336
2/1/2008,12:45:00,0.4566
2/1/2008,13:00:00,0.36646666666666666
2/1/2008,13:15:00,0.39120000000000005
2/1/2008,13:30:00,0.41700000000000004
2/1/2008,13:45:00,0.34990000000000004
2/1/2008,14:00:00,0.38073333333333337
2/1/2008,14:15:00,0.36443333333333333
2/1/2008,14:30:00,0.33549999999999996
2/1/2008,14:45:00,0.3465333333333333
2/1/2008,15:00:00,0.36503333333333327
2/1/2008,15:15:00,0.3399333333333334
2/1/2008,15:30:00,0.34586666666666666
2/1/2008,15:45:00,0.3603666666666666
2/1/2008,16:00:00,0.36023333333333335
2/1/2008,16:15:00,0.3631333333333333
2/1/2008,16:30:00,0.36053333333333326
2/1/2008,16:45:00,0.35650000000000004
2/1/2008,17:00:00,0.35086666666666666
2/1/2008,17:15:00,0.16203333333333333
2/1/2008,17:30:00,0.09493333333333333
2/1/2008,17:45:00,0.09456666666666669
2/1/2008,18:00:00,0.13936666666666667
2/1/2008,18:15:00,0.1055
2/1/2008,18:30:00,0.08056666666666663
2/1/2008,18:45:00,0.09223333333333333
2/1/2008,19:00:00,0.12506666666666666
2/1/2008,19:15:00,0.08926666666666667
2/1/2008,19:30:00,0.08423333333333333
2/1/2008,19:45:00,0.08676666666666667
2/1/2008,20:00:00,0.08403333333333335
2/1/2008,20:15:00,0.13763333333333333
2/1/2008,20:30:00,0.16436666666666666
2/1/2008,20:45:00,0.17006666666666662
2/1/2008,21:00:00,0.1603
2/1/2008,21:15:00,0.1580333333333333
2/1/2008,21:30:00,0.31126666666666664
2/1/2008,21:45:00,0.47329999999999994
2/1/2008,22:00:00,0.4493
2/1/2008,22:15:00,0.4521666666666666
2/1/2008,22:30:00,0.6679333333333333
2/1/2008,22:45:00,0.3079666666666666
2/1/2008,23:00:00,0.12193333333333332
2/1/2008,23:15:00,0.282
2/1/2008,23:30:00,0.3852
2/1/2008,23:45:00,0.3614
3/1/2008,00:00:00,0.3073666666666667
3/1/2008,00:15:00,0.1023
3/1/2008,00:30:00,0.35956666666666665
3/1/2008,00:45:00,0.5635666666666667
3/1/2008,01:00:00,0.5372999999999999
3/1/2008,01:15:00,0.47049999999999986
3/1/2008,01:30:00,0.42799999999999994
3/1/2008,01:45:00,0.5283333333333333
3/1/2008,02:00:00,0.7696666666666667
3/1/2008,02:15:00,0.7123666666666666
3/1/2008,02:30:00,0.5635333333333333
3/1/2008,02:45:00,0.5370666666666666
3/1/2008,03:00:00,0.45726666666666665
3/1/2008,03:15:00,0.34099999999999997
3/1/2008,03:30:00,0.12563333333333332
3/1/2008,03:45:00,0.08830000000000002
3/1/2008,04:00:00,0.12243333333333334
3/1/2008,04:15:00,0.08646666666666666
3/1/2008,04:30:00,0.1007
3/1/2008,04:45:00,0.09296666666666666
3/1/2008,05:00:00,0.0907
3/1/2008,05:15:00,0.08953333333333334
3/1/2008,05:30:00,0.10416666666666667
3/1/2008,05:45:00,0.2963666666666666
3/1/2008,06:00:00,0.3614333333333334
3/1/2008,06:15:00,0.3607666666666666
3/1/2008,06:30:00,0.15183333333333332
3/1/2008,06:45:00,0.08560000000000001
3/1/2008,07:00:00,0.07586666666666667
3/1/2008,07:15:00,0.096
3/1/2008,07:30:00,0.09153333333333333
3/1/2008,07:45:00,0.07913333333333333
3/1/2008,08:00:00,0.10496666666666665
3/1/2008,08:15:00,0.10556666666666668
3/1/2008,08:30:00,0.0849
3/1/2008,08:45:00,0.07786666666666667
3/1/2008,09:00:00,0.09526666666666667
3/1/2008,09:15:00,0.08543333333333332
3/1/2008,09:30:00,0.07423333333333332
3/1/2008,09:45:00,0.09596666666666666
3/1/2008,10:00:00,0.08396666666666666
3/1/2008,10:15:00,0.08336666666666669
3/1/2008,10:30:00,0.4091
3/1/2008,10:45:00,0.3005666666666667
3/1/2008,11:00:00,0.22986666666666666
3/1/2008,11:15:00,0.19393333333333332
3/1/2008,11:30:00,0.1871
3/1/2008,11:45:00,0.27373333333333333
3/1/2008,12:00:00,0.5490666666666666
3/1/2008,12:15:00,0.5805333333333333
3/1/2008,12:30:00,0.4715666666666667
3/1/2008,12:45:00,0.40663333333333324
3/1/2008,13:00:00,0.4097333333333332
3/1/2008,13:15:00,0.14900000000000002
3/1/2008,13:30:00,0.14203333333333334
3/1/2008,13:45:00,0.16766666666666669
3/1/2008,14:00:00,0.15203333333333335
3/1/2008,14:15:00,0.14396666666666666
3/1/2008,14:30:00,0.14583333333333337
3/1/2008,14:45:00,0.14813333333333334
3/1/2008,15:00:00,0.16573333333333334
3/1/2008,15:15:00,0.3777333333333333
3/1/2008,15:30:00,0.5223666666666668
3/1/2008,15:45:00,0.4363666666666666
3/1/2008,16:00:00,0.4605666666666666
3/1/2008,16:15:00,0.6416666666666668
3/1/2008,16:30:00,0.4059
3/1/2008,16:45:00,0.2463333333333333
3/1/2008,17:00:00,0.16523333333333332
3/1/2008,17:15:00,0.15236666666666668
3/1/2008,17:30:00,0.1323
3/1/2008,17:45:00,0.12963333333333335
3/1/2008,18:00:00,0.06420000000000002
3/1/2008,18:15:00,0.07643333333333334
3/1/2008,18:30:00,0.08873333333333333
3/1/2008,18:45:00,0.07930000000000001
3/1/2008,19:00:00,0.09480000000000001
3/1/2008,19:15:00,0.09943333333333333
3/1/2008,19:30:00,0.08363333333333332
3/1/2008,19:45:00,0.12453333333333333
3/1/2008,20:00:00,0.19996666666666665
3/1/2008,20:15:00,0.2398
3/1/2008,20:30:00,0.23383333333333334
3/1/2008,20:45:00,0.23919999999999997
3/1/2008,21:00:00,0.34630000000000005
3/1/2008,21:15:00,0.14923333333333336
3/1/2008,21:30:00,0.24710000000000004
3/1/2008,21:45:00,0.5777333333333333
3/1/2008,22:00:00,0.5901333333333334
3/1/2008,22:15:00,0.40236666666666665
3/1/2008,22:30:00,0.7761333333333332
3/1/2008,22:45:00,0.7583
3/1/2008,23:00:00,0.6513000000000001
3/1/2008,23:15:00,0.6181
3/1/2008,23:30:00,0.3688
3/1/2008,23:45:00,0.3730666666666666
4/1/2008,00:00:00,0.5330666666666667
4/1/2008,00:15:00,0.5636666666666666
4/1/2008,00:30:00,0.7597666666666668
4/1/2008,00:45:00,0.5683666666666668
4/1/2008,01:00:00,0.6767333333333333
4/1/2008,01:15:00,0.30690000000000006
4/1/2008,01:30:00,0.7540666666666667
4/1/2008,01:45:00,0.9029000000000001
4/1/2008,02:00:00,0.16593333333333335
4/1/2008,02:15:00,0.11273333333333335
4/1/2008,02:30:00,0.4699666666666666
4/1/2008,02:45:00,0.3129333333333333
4/1/2008,03:00:00,0.08020000000000001
4/1/2008,03:15:00,0.12226666666666665
4/1/2008,03:30:00,0.11339999999999999
4/1/2008,03:45:00,0.20930000000000007
4/1/2008,04:00:00,0.16306666666666667
4/1/2008,04:15:00,0.09146666666666667
4/1/2008,04:30:00,0.10223333333333333
4/1/2008,04:45:00,0.08313333333333334
4/1/2008,05:00:00,0.07566666666666667
4/1/2008,05:15:00,0.3146
4/1/2008,05:30:00,0.3354666666666667
4/1/2008,05:45:00,0.15276666666666663
4/1/2008,06:00:00,0.06913333333333332
4/1/2008,06:15:00,0.05813333333333333
4/1/2008,06:30:00,0.08163333333333331
4/1/2008,06:45:00,0.07143333333333333
4/1/2008,07:00:00,0.05813333333333333
4/1/2008,07:15:00,0.07906666666666667
4/1/2008,07:30:00,0.09573333333333334
4/1/2008,07:45:00,0.07253333333333331
4/1/2008,08:00:00,0.07229999999999999
4/1/2008,08:15:00,0.07623333333333335
4/1/2008,08:30:00,0.06883333333333334
4/1/2008,08:45:00,0.06623333333333334
4/1/2008,09:00:00,0.07930000000000001
4/1/2008,09:15:00,0.06996666666666666
4/1/2008,09:30:00,0.05886666666666666
4/1/2008,09:45:00,0.08413333333333332
4/1/2008,10:00:00,0.06863333333333332
4/1/2008,10:15:00,0.06713333333333332
4/1/2008,10:30:00,0.09746666666666667
4/1/2008,10:45:00,0.0768
4/1/2008,11:00:00,0.07433333333333335
4/1/2008,11:15:00,0.08336666666666667
4/1/2008,11:30:00,0.07496666666666665
4/1/2008,11:45:00,0.06876666666666668
4/1/2008,12:00:00,0.06813333333333332
4/1/2008,12:15:00,0.6543666666666667
4/1/2008,12:30:00,0.8130333333333333
4/1/2008,12:45:00,0.6650666666666666
4/1/2008,13:00:00,0.6742000000000001
4/1/2008,13:15:00,0.7620333333333333
4/1/2008,13:30:00,0.7952666666666667
4/1/2008,13:45:00,0.5960666666666666
4/1/2008,14:00:00,1.1353
4/1/2008,14:15:00,0.7876666666666667
4/1/2008,14:30:00,0.5277666666666667
4/1/2008,14:45:00,0.35323333333333334
4/1/2008,15:00:00,0.3713333333333334
4/1/2008,15:15:00,0.41026666666666667
4/1/2008,15:30:00,0.5628666666666667
4/1/2008,15:45:00,0.45743333333333325
4/1/2008,16:00:00,0.4356333333333333
4/1/2008,16:15:00,0.4613333333333334
4/1/2008,16:30:00,0.45230000000000004
4/1/2008,16:45:00,0.45560000000000006
4/1/2008,17:00:00,0.4764
4/1/2008,17:15:00,0.4618666666666667
4/1/2008,17:30:00,0.31070000000000003
4/1/2008,17:45:00,0.20246666666666666
4/1/2008,18:00:00,0.21756666666666669
4/1/2008,18:15:00,0.2254
4/1/2008,18:30:00,0.2184
4/1/2008,18:45:00,0.16556666666666664
4/1/2008,19:00:00,0.3180666666666666
4/1/2008,19:15:00,0.48109999999999997
4/1/2008,19:30:00,0.411
4/1/2008,19:45:00,0.3980333333333333
4/1/2008,20:00:00,0.3927333333333333
4/1/2008,20:15:00,0.2806666666666666
4/1/2008,20:30:00,0.1289
4/1/2008,20:45:00,0.1277
4/1/2008,21:00:00,0.1463
4/1/2008,21:15:00,0.8078333333333334
4/1/2008,21:30:00,0.8666
4/1/2008,21:45:00,0.8762333333333333
4/1/2008,22:00:00,0.8107999999999999
4/1/2008,22:15:00,0.6871666666666666
4/1/2008,22:30:00,0.6458999999999999
4/1/2008,22:45:00,0.6927333333333333
4/1/2008,23:00:00,0.4857666666666666
4/1/2008,23:15:00,0.7993666666666667
4/1/2008,23:30:00,1.1064666666666667
4/1/2008,23:45:00,1.0977333333333334
5/1/2008,00:00:00,0.8303666666666666
5/1/2008,00:15:00,0.6868333333333332
5/1/2008,00:30:00,0.5017333333333333
5/1/2008,00:45:00,0.49076666666666663
5/1/2008,01:00:00,0.4512
5/1/2008,01:15:00,0.3979666666666667
5/1/2008,01:30:00,0.3132666666666667
5/1/2008,01:45:00,0.5583
5/1/2008,02:00:00,0.5370333333333333
5/1/2008,02:15:00,0.3853333333333333
5/1/2008,02:30:00,0.3711333333333333
5/1/2008,02:45:00,0.4630666666666667
5/1/2008,03:00:00,0.8153666666666668
5/1/2008,03:15:00,1.0793666666666666
5/1/2008,03:30:00,0.6181666666666666
5/1/2008,03:45:00,0.5556666666666666
5/1/2008,04:00:00,0.6205333333333333
5/1/2008,04:15:00,0.3162000000000001
5/1/2008,04:30:00,0.6314
5/1/2008,04:45:00,0.6104
5/1/2008,05:00:00,0.33629999999999993
5/1/2008,05:15:00,0.28763333333333335
5/1/2008,05:30:00,0.27153333333333335
5/1/2008,05:45:00,0.26420000000000005
5/1/2008,06:00:00,0.24906666666666671
5/1/2008,06:15:00,0.24579999999999996
5/1/2008,06:30:00,0.10883333333333334
5/1/2008,06:45:00,0.07813333333333332
5/1/2008,07:00:00,0.08576666666666667
5/1/2008,07:15:00,0.09526666666666665
5/1/2008,07:30:00,0.08919999999999999
5/1/2008,07:45:00,0.09726666666666667
5/1/2008,08:00:00,0.08243333333333334
5/1/2008,08:15:00,0.06623333333333332
5/1/2008,08:30:00,0.0764
5/1/2008,08:45:00,0.07506666666666667
5/1/2008,09:00:00,0.06943333333333335
5/1/2008,09:15:00,0.06933333333333334
5/1/2008,09:30:00,0.07096666666666668
5/1/2008,09:45:00,0.0729
5/1/2008,10:00:00,0.0795
5/1/2008,10:15:00,0.08743333333333334
5/1/2008,10:30:00,0.07936666666666667
5/1/2008,10:45:00,0.22006666666666663
5/1/2008,11:00:00,0.33646666666666664
5/1/2008,11:15:00,0.18736666666666668
5/1/2008,11:30:00,0.06366666666666666
5/1/2008,11:45:00,0.06733333333333333
5/1/2008,12:00:00,0.07776666666666666
5/1/2008,12:15:00,0.06446666666666666
5/1/2008,12:30:00,0.07053333333333334
5/1/2008,12:45:00,0.09356666666666666
5/1/2008,13:00:00,0.08069999999999998
5/1/2008,13:15:00,0.07076666666666667
5/1/2008,13:30:00,0.06856666666666665
5/1/2008,13:45:00,0.07719999999999999
5/1/2008,14:00:00,0.06810000000000001
5/1/2008,14:15:00,0.0657
5/1/2008,14:30:00,0.08120000000000001
5/1/2008,14:45:00,0.06393333333333334
5/1/2008,15:00:00,0.07933333333333333
5/1/2008,15:15:00,0.292
5/1/2008,15:30:00,0.5710333333333334
5/1/2008,15:45:00,0.5298666666666666
5/1/2008,16:00:00,0.4357333333333333
5/1/2008,16:15:00,0.2977666666666667
5/1/2008,16:30:00,0.37066666666666664
5/1/2008,16:45:00,0.33076666666666665
5/1/2008,17:00:00,0.43953333333333333
5/1/2008,17:15:00,0.36046666666666666
5/1/2008,17:30:00,0.34753333333333336
5/1/2008,17:45:00,0.35156666666666664
5/1/2008,18:00:00,0.4237666666666666
5/1/2008,18:15:00,0.4513666666666667
5/1/2008,18:30:00,0.40456666666666663
5/1/2008,18:45:00,0.33463333333333334
5/1/2008,19:00:00,0.3226333333333333
5/1/2008,19:15:00,0.36430000000000007
5/1/2008,19:30:00,0.38086666666666674
5/1/2008,19:45:00,0.6168666666666668
5/1/2008,20:00:00,0.5890333333333334
5/1/2008,20:15:00,0.5733999999999999
5/1/2008,20:30:00,0.6702666666666668
5/1/2008,20:45:00,0.7285666666666667
5/1/2008,21:00:00,0.5070333333333333
5/1/2008,21:15:00,0.5026666666666667
5/1/2008,21:30:00,0.47106666666666663
5/1/2008,21:45:00,0.5640333333333334
5/1/2008,22:00:00,0.7857333333333333
5/1/2008,22:15:00,0.42740000000000006
5/1/2008,22:30:00,0.4085666666666667
5/1/2008,22:45:00,0.7762666666666668
5/1/2008,23:00:00,0.5738333333333334
5/1/2008,23:15:00,0.43623333333333325
5/1/2008,23:30:00,0.3807666666666666
5/1/2008,23:45:00,0.3905
6/1/2008,00:00:00,0.41143333333333343
6/1/2008,00:15:00,0.36129999999999995
6/1/2008,00:30:00,0.3620333333333333
6/1/2008,00:45:00,0.2865
6/1/2008,01:00:00,0.3571666666666667
6/1/2008,01:15:00,0.3421
6/1/2008,01:30:00,0.39553333333333335
6/1/2008,01:45:00,0.6115333333333334
6/1/2008,02:00:00,0.8126999999999999
6/1/2008,02:15:00,0.9404666666666668
6/1/2008,02:30:00,0.8803999999999998
6/1/2008,02:45:00,0.9082666666666667
6/1/2008,03:00:00,0.9530666666666667
6/1/2008,03:15:00,0.6783333333333333
6/1/2008,03:30:00,0.7359333333333333
6/1/2008,03:45:00,0.7768
6/1/2008,04:00:00,0.8471666666666667
6/1/2008,04:15:00,1.1304
6/1/2008,04:30:00,0.6554
6/1/2008,04:45:00,0.43146666666666667
6/1/2008,05:00:00,0.8949333333333334
6/1/2008,05:15:00,0.45686666666666664
6/1/2008,05:30:00,0.40203333333333335
6/1/2008,05:45:00,0.4241666666666667
6/1/2008,06:00:00,0.3942666666666667
6/1/2008,06:15:00,0.40159999999999996
6/1/2008,06:30:00,0.41683333333333333
6/1/2008,06:45:00,0.4057000000000001
6/1/2008,07:00:00,0.4234000000000001
6/1/2008,07:15:00,0.4346
6/1/2008,07:30:00,0.4073333333333333
6/1/2008,07:45:00,0.4102
6/1/2008,08:00:00,0.5429999999999999
6/1/2008,08:15:00,0.44736666666666663
6/1/2008,08:30:00,0.4116333333333334
6/1/2008,08:45:00,0.3693666666666666
6/1/2008,09:00:00,0.37250000000000005
6/1/2008,09:15:00,0.33639999999999987
6/1/2008,09:30:00,0.32516666666666666
6/1/2008,09:45:00,0.3691
6/1/2008,10:00:00,0.2271
6/1/2008,10:15:00,0.056066666666666654
6/1/2008,10:30:00,0.08383333333333333
6/1/2008,10:45:00,0.07103333333333331
6/1/2008,11:00:00,0.05789999999999999
6/1/2008,11:15:00,0.08226666666666668
6/1/2008,11:30:00,0.07466666666666666
6/1/2008,11:45:00,0.058066666666666655
6/1/2008,12:00:00,0.07666666666666666
6/1/2008,12:15:00,0.09026666666666672
6/1/2008,12:30:00,0.07753333333333332
6/1/2008,12:45:00,0.072
6/1/2008,13:00:00,0.085
6/1/2008,13:15:00,0.0587
6/1/2008,13:30:00,0.06509999999999999
6/1/2008,13:45:00,0.08926666666666665
6/1/2008,14:00:00,0.05836666666666667
6/1/2008,14:15:00,0.0632
6/1/2008,14:30:00,0.08463333333333335
6/1/2008,14:45:00,0.06386666666666668
6/1/2008,15:00:00,0.08306666666666666
6/1/2008,15:15:00,0.0922
6/1/2008,15:30:00,0.0693
6/1/2008,15:45:00,0.062333333333333345
6/1/2008,16:00:00,0.07393333333333334
6/1/2008,16:15:00,0.07446666666666667
6/1/2008,16:30:00,0.06056666666666666
6/1/2008,16:45:00,0.07040000000000002
6/1/2008,17:00:00,0.07916666666666666
6/1/2008,17:15:00,0.08426666666666667
6/1/2008,17:30:00,0.6326333333333335
6/1/2008,17:45:00,0.4271000000000001
6/1/2008,18:00:00,0.4007333333333333
6/1/2008,18:15:00,0.2910333333333333
6/1/2008,18:30:00,0.09063333333333333
6/1/2008,18:45:00,0.08466666666666667
6/1/2008,19:00:00,0.10936666666666667
6/1/2008,19:15:00,0.27033333333333337
6/1/2008,19:30:00,0.10540000000000001
6/1/2008,19:45:00,0.25579999999999997
6/1/2008,20:00:00,0.4234666666666667
6/1/2008,20:15:00,0.41226666666666667
6/1/2008,20:30:00,0.25636666666666663
6/1/2008,20:45:00,0.08256666666666668
6/1/2008,21:00:00,0.16206666666666666
6/1/2008,21:15:00,0.19106666666666663
6/1/2008,21:30:00,0.41583333333333333
6/1/2008,21:45:00,0.5834333333333334
6/1/2008,22:00:00,0.1801333333333333
6/1/2008,22:15:00,0.16453333333333334
6/1/2008,22:30:00,0.1474
6/1/2008,22:45:00,0.37810000000000005
6/1/2008,23:00:00,0.42256666666666665
6/1/2008,23:15:00,0.6436666666666667
6/1/2008,23:30:00,0.6747
6/1/2008,23:45:00,0.34936666666666666
7/1/2008,00:00:00,0.36486666666666656
7/1/2008,00:15:00,0.4035666666666666
7/1/2008,00:30:00,0.5055333333333334
7/1/2008,00:45:00,0.7546333333333333
7/1/2008,01:00:00,0.3596
7/1/2008,01:15:00,0.3368333333333333
7/1/2008,01:30:00,0.15386666666666662
7/1/2008,01:45:00,0.1461
7/1/2008,02:00:00,0.18630000000000005
7/1/2008,02:15:00,0.15266666666666667
7/1/2008,02:30:00,0.389
7/1/2008,02:45:00,0.14876666666666669
7/1/2008,03:00:00,0.37140000000000006
7/1/2008,03:15:00,0.8392
7/1/2008,03:30:00,0.8312666666666666
7/1/2008,03:45:00,0.6337000000000002
7/1/2008,04:00:00,0.4332
7/1/2008,04:15:00,0.6469666666666667
7/1/2008,04:30:00,0.6506
7/1/2008,04:45:00,0.6837
7/1/2008,05:00:00,0.6884666666666667
7/1/2008,05:15:00,0.6736333333333335
7/1/2008,05:30:00,1.2105666666666666
7/1/2008,05:45:00,1.115533333333333
7/1/2008,06:00:00,0.8104333333333332
7/1/2008,06:15:00,0.5238333333333334
7/1/2008,06:30:00,0.9009
7/1/2008,06:45:00,0.9286333333333332
7/1/2008,07:00:00,0.8369333333333335
7/1/2008,07:15:00,0.7000000000000001
7/1/2008,07:30:00,0.6158333333333333
7/1/2008,07:45:00,0.44953333333333323
7/1/2008,08:00:00,0.31383333333333335
7/1/2008,08:15:00,0.28423333333333334
7/1/2008,08:30:00,0.31456666666666666
7/1/2008,08:45:00,0.18313333333333331
7/1/2008,09:00:00,0.07803333333333333
7/1/2008,09:15:00,0.07440000000000001
7/1/2008,09:30:00,0.06643333333333332
7/1/2008,09:45:00,0.09003333333333333
7/1/2008,10:00:00,0.07473333333333333
7/1/2008,10:15:00,0.06823333333333333
7/1/2008,10:30:00,0.09323333333333332
7/1/2008,10:45:00,0.09716666666666667
7/1/2008,11:00:00,0.06456666666666669
7/1/2008,11:15:00,0.08143333333333333
7/1/2008,11:30:00,0.08236666666666667
7/1/2008,11:45:00,0.0606
7/1/2008,12:00:00,0.0765
7/1/2008,12:15:00,0.08693333333333335
7/1/2008,12:30:00,0.06193333333333333
7/1/2008,12:45:00,0.07203333333333334
7/1/2008,13:00:00,0.10373333333333333
7/1/2008,13:15:00,0.08213333333333334
7/1/2008,13:30:00,0.06703333333333333
7/1/2008,13:45:00,0.0987
7/1/2008,14:00:00,0.0631
7/1/2008,14:15:00,0.06166666666666666
7/1/2008,14:30:00,0.09386666666666667
7/1/2008,14:45:00,0.06783333333333333
7/1/2008,15:00:00,0.06503333333333333
7/1/2008,15:15:00,0.10819999999999998
7/1/2008,15:30:00,0.35263333333333324
7/1/2008,15:45:00,0.34873333333333323
7/1/2008,16:00:00,0.12286666666666667
7/1/2008,16:15:00,0.07966666666666666
7/1/2008,16:30:00,0.061233333333333334
7/1/2008,16:45:00,0.07540000000000001
7/1/2008,17:00:00,0.08806666666666667
7/1/2008,17:15:00,0.07283333333333333
7/1/2008,17:30:00,0.4856
7/1/2008,17:45:00,0.4726
7/1/2008,18:00:00,0.48036666666666666
7/1/2008,18:15:00,0.5706333333333333
7/1/2008,18:30:00,0.8183333333333334
7/1/2008,18:45:00,0.9463666666666666
7/1/2008,19:00:00,0.6835666666666667
7/1/2008,19:15:00,1.0079999999999998
7/1/2008,19:30:00,0.6170000000000001
7/1/2008,19:45:00,0.3587333333333334
7/1/2008,20:00:00,0.3457666666666666
7/1/2008,20:15:00,0.3683333333333333
7/1/2008,20:30:00,0.7624000000000002
7/1/2008,20:45:00,0.5283999999999999
7/1/2008,21:00:00,0.35789999999999994
7/1/2008,21:15:00,0.3479666666666666
7/1/2008,21:30:00,0.3262333333333333
7/1/2008,21:45:00,0.3459
7/1/2008,22:00:00,0.3515666666666666
7/1/2008,22:15:00,0.3278
7/1/2008,22:30:00,0.3388333333333334
7/1/2008,22:45:00,0.3552333333333333
7/1/2008,23:00:00,0.32570000000000005
7/1/2008,23:15:00,0.35183333333333333
7/1/2008,23:30:00,0.36910000000000004
7/1/2008,23:45:00,0.3233333333333334
8/1/2008,00:00:00,0.3274333333333334
8/1/2008,00:15:00,0.2649666666666667
8/1/2008,00:30:00,0.06076666666666666
8/1/2008,00:45:00,0.06043333333333334
8/1/2008,01:00:00,0.08236666666666669
8/1/2008,01:15:00,0.06716666666666665
8/1/2008,01:30:00,0.062
8/1/2008,01:45:00,0.09083333333333334
8/1/2008,02:00:00,0.09153333333333334
8/1/2008,02:15:00,0.062400000000000004
8/1/2008,02:30:00,0.0702
8/1/2008,02:45:00,0.07723333333333335
8/1/2008,03:00:00,0.060566666666666664
8/1/2008,03:15:00,0.06526666666666667
8/1/2008,03:30:00,0.0809
8/1/2008,03:45:00,0.06486666666666667
8/1/2008,04:00:00,0.06436666666666666
8/1/2008,04:15:00,0.08273333333333333
8/1/2008,04:30:00,0.08799999999999998
8/1/2008,04:45:00,0.06733333333333333
8/1/2008,05:00:00,0.15843333333333334
8/1/2008,05:15:00,0.16213333333333332
8/1/2008,05:30:00,0.14783333333333334
8/1/2008,05:45:00,0.14923333333333333
8/1/2008,06:00:00,0.17936666666666667
8/1/2008,06:15:00,0.3179333333333333
8/1/2008,06:30:00,0.45023333333333326
8/1/2008,06:45:00,0.5007333333333334
8/1/2008,07:00:00,0.3830333333333333
8/1/2008,07:15:00,0.35639999999999994
8/1/2008,07:30:00,0.8004666666666667
8/1/2008,07:45:00,0.8238000000000001
8/1/2008,08:00:00,0.8588666666666666
8/1/2008,08:15:00,0.8969
8/1/2008,08:30:00,0.8195333333333334
8/1/2008,08:45:00,0.742
8/1/2008,09:00:00,0.6039333333333333
8/1/2008,09:15:00,0.5587
8/1/2008,09:30:00,0.5031666666666667
8/1/2008,09:45:00,0.44143333333333334
8/1/2008,10:00:00,0.43749999999999994
8/1/2008,10:15:00,0.49376666666666663
8/1/2008,10:30:00,0.3959000000000001
8/1/2008,10:45:00,0.36113333333333336
8/1/2008,11:00:00,0.33876666666666677
8/1/2008,11:15:00,0.3596666666666667
8/1/2008,11:30:00,0.35246666666666665
8/1/2008,11:45:00,0.33993333333333337
8/1/2008,12:00:00,0.3614
8/1/2008,12:15:00,0.36710000000000004
8/1/2008,12:30:00,0.3286
8/1/2008,12:45:00,0.30376666666666663
8/1/2008,13:00:00,0.08076666666666665
8/1/2008,13:15:00,0.055266666666666665
8/1/2008,13:30:00,0.06396666666666666
8/1/2008,13:45:00,0.08533333333333336
8/1/2008,14:00:00,0.05533333333333334
8/1/2008,14:15:00,0.05700000000000001
8/1/2008,14:30:00,0.10036666666666667
8/1/2008,14:45:00,0.07926666666666667
8/1/2008,15:00:00,0.05896666666666665
8/1/2008,15:15:00,0.08716666666666668
8/1/2008,15:30:00,0.06266666666666668
8/1/2008,15:45:00,0.056333333333333326
8/1/2008,16:00:00,0.08263333333333332
8/1/2008,16:15:00,0.06876666666666666
8/1/2008,16:30:00,0.05689999999999999
8/1/2008,16:45:00,0.07293333333333332
8/1/2008,17:00:00,0.07816666666666668
8/1/2008,17:15:00,0.07666666666666667
8/1/2008,17:30:00,0.0728
8/1/2008,17:45:00,0.08693333333333332
8/1/2008,18:00:00,0.055700000000000006
8/1/2008,18:15:00,0.05599999999999999
8/1/2008,18:30:00,0.09159999999999999
8/1/2008,18:45:00,0.6551000000000001
8/1/2008,19:00:00,0.7509666666666667
8/1/2008,19:15:00,0.7619999999999999
8/1/2008,19:30:00,0.8966333333333334
8/1/2008,19:45:00,0.7319999999999999
8/1/2008,20:00:00,0.5869
8/1/2008,20:15:00,0.4710333333333333
8/1/2008,20:30:00,0.26386666666666664
8/1/2008,20:45:00,0.07473333333333333
8/1/2008,21:00:00,0.07723333333333335
8/1/2008,21:15:00,0.05583333333333333
8/1/2008,21:30:00,0.07646666666666667
8/1/2008,21:45:00,0.08363333333333332
8/1/2008,22:00:00,0.05440000000000001
8/1/2008,22:15:00,0.0647
8/1/2008,22:30:00,0.11293333333333332
8/1/2008,22:45:00,0.06303333333333333
8/1/2008,23:00:00,0.05540000000000001
8/1/2008,23:15:00,0.09190000000000001
8/1/2008,23:30:00,0.05996666666666668
8/1/2008,23:45:00,0.05483333333333333
9/1/2008,00:00:00,0.084
9/1/2008,00:15:00,0.38503333333333334
9/1/2008,00:30:00,0.4964333333333334
9/1/2008,00:45:00,0.7055666666666668
9/1/2008,01:00:00,0.8911666666666667
9/1/2008,01:15:00,0.5763
9/1/2008,01:30:00,0.6177666666666668
9/1/2008,01:45:00,1.2314333333333334
9/1/2008,02:00:00,1.4733333333333332
9/1/2008,02:15:00,0.9655666666666667
9/1/2008,02:30:00,1.1682333333333335
9/1/2008,02:45:00,0.7410333333333332
9/1/2008,03:00:00,0.4127
9/1/2008,03:15:00,0.40920000000000006
9/1/2008,03:30:00,0.3500666666666667
9/1/2008,03:45:00,0.3491333333333333
9/1/2008,04:00:00,0.38116666666666665
9/1/2008,04:15:00,0.3542333333333333
9/1/2008,04:30:00,0.347
9/1/2008,04:45:00,0.38043333333333335
9/1/2008,05:00:00,0.3839
9/1/2008,05:15:00,0.35763333333333336
9/1/2008,05:30:00,0.3662333333333334
9/1/2008,05:45:00,0.36923333333333336
9/1/2008,06:00:00,0.34603333333333325
9/1/2008,06:15:00,0.3571333333333334
9/1/2008,06:30:00,0.38073333333333337
9/1/2008,06:45:00,0.141
9/1/2008,07:00:00,0.1659
9/1/2008,07:15:00,0.188
9/1/2008,07:30:00,0.2117666666666667
9/1/2008,07:45:00,0.2793
9/1/2008,08:00:00,0.5704999999999999
9/1/2008,08:15:00,0.4272666666666667
9/1/2008,08:30:00,0.3639666666666667
9/1/2008,08:45:00,0.5007666666666667
9/1/2008,09:00:00,0.4102
9/1/2008,09:15:00,0.612
9/1/2008,09:30:00,0.46146666666666664
9/1/2008,09:45:00,0.44866666666666677
9/1/2008,10:00:00,0.4584
9/1/2008,10:15:00,0.8180000000000001
9/1/2008,10:30:00,1.1925
9/1/2008,10:45:00,1.0731333333333335
9/1/2008,11:00:00,1.0035666666666667
9/1/2008,11:15:00,0.9517666666666666
9/1/2008,11:30:00,0.9036333333333333
9/1/2008,11:45:00,0.5346666666666667
9/1/2008,12:00:00,0.25250000000000006
9/1/2008,12:15:00,0.10830000000000001
9/1/2008,12:30:00,0.08916666666666666
9/1/2008,12:45:00,0.0841666666666667
9/1/2008,13:00:00,0.07586666666666665
9/1/2008,13:15:00,0.08133333333333333
9/1/2008,13:30:00,0.18083333333333335
9/1/2008,13:45:00,0.14980000000000002
9/1/2008,14:00:00,0.12536666666666665
9/1/2008,14:15:00,0.13923333333333332
9/1/2008,14:30:00,0.10366666666666664
9/1/2008,14:45:00,0.10206666666666667
9/1/2008,15:00:00,0.12076666666666667
9/1/2008,15:15:00,0.10686666666666668
9/1/2008,15:30:00,0.06883333333333333
9/1/2008,15:45:00,0.0719
9/1/2008,16:00:00,0.07786666666666667
9/1/2008,16:15:00,0.05583333333333334
9/1/2008,16:30:00,0.06846666666666666
9/1/2008,16:45:00,0.0817
9/1/2008,17:00:00,0.0561
9/1/2008,17:15:00,0.07373333333333332
9/1/2008,17:30:00,0.10419999999999999
9/1/2008,17:45:00,0.06013333333333332
9/1/2008,18:00:00,0.05846666666666665
9/1/2008,18:15:00,0.08763333333333331
9/1/2008,18:30:00,0.06029999999999999
9/1/2008,18:45:00,0.05536666666666667
9/1/2008,19:00:00,0.0804
9/1/2008,19:15:00,0.06870000000000001
9/1/2008,19:30:00,0.19516666666666668
9/1/2008,19:45:00,0.3430666666666667
9/1/2008,20:00:00,0.3757
9/1/2008,20:15:00,0.09373333333333331
9/1/2008,20:30:00,0.06826666666666667
9/1/2008,20:45:00,0.20329999999999998
9/1/2008,21:00:00,0.9899333333333333
9/1/2008,21:15:00,0.5519999999999999
9/1/2008,21:30:00,0.5066333333333333
9/1/2008,21:45:00,0.5452666666666666
9/1/2008,22:00:00,0.7822666666666666
9/1/2008,22:15:00,0.5666666666666667
9/1/2008,22:30:00,0.5038333333333334
9/1/2008,22:45:00,0.5060999999999999
9/1/2008,23:00:00,0.6708000000000001
9/1/2008,23:15:00,0.4862333333333333
9/1/2008,23:30:00,0.32870000000000005
9/1/2008,23:45:00,0.34340000000000004
10/1/2008,00:00:00,0.33186666666666664
10/1/2008,00:15:00,0.32116666666666666
10/1/2008,00:30:00,0.3392666666666666
10/1/2008,00:45:00,0.3474666666666666
10/1/2008,01:00:00,0.32659999999999995
10/1/2008,01:15:00,0.36846666666666666
10/1/2008,01:30:00,0.3572666666666667
10/1/2008,01:45:00,0.3573
10/1/2008,02:00:00,0.43479999999999996
10/1/2008,02:15:00,0.4136
10/1/2008,02:30:00,0.38520000000000004
10/1/2008,02:45:00,0.3919
10/1/2008,03:00:00,0.3573
10/1/2008,03:15:00,0.33033333333333337
10/1/2008,03:30:00,0.35710000000000003
10/1/2008,03:45:00,0.32199999999999995
10/1/2008,04:00:00,0.14073333333333335
10/1/2008,04:15:00,0.06090000000000001
10/1/2008,04:30:00,0.09573333333333334
10/1/2008,04:45:00,0.061266666666666664
10/1/2008,05:00:00,0.05740000000000001
10/1/2008,05:15:00,0.09266666666666666
10/1/2008,05:30:00,0.07396666666666667
10/1/2008,05:45:00,0.0725
10/1/2008,06:00:00,0.10070000000000001
10/1/2008,06:15:00,0.08693333333333335
10/1/2008,06:30:00,0.09053333333333334
10/1/2008,06:45:00,0.09249999999999999
10/1/2008,07:00:00,0.09123333333333335
10/1/2008,07:15:00,0.6566666666666666
10/1/2008,07:30:00,0.18726666666666666
10/1/2008,07:45:00,0.10006666666666665
10/1/2008,08:00:00,0.2584666666666667
10/1/2008,08:15:00,0.4494
10/1/2008,08:30:00,0.09093333333333334
10/1/2008,08:45:00,0.05563333333333334
10/1/2008,09:00:00,0.06553333333333333
10/1/2008,09:15:00,0.4265333333333333
10/1/2008,09:30:00,0.6553666666666667
10/1/2008,09:45:00,0.6639333333333334
10/1/2008,10:00:00,0.7504
10/1/2008,10:15:00,0.7001000000000002
10/1/2008,10:30:00,0.492
10/1/2008,10:45:00,0.4751666666666667
10/1/2008,11:00:00,0.6275
10/1/2008,11:15:00,0.7589333333333333
10/1/2008,11:30:00,0.9252333333333334
10/1/2008,11:45:00,0.6587333333333334
10/1/2008,12:00:00,0.3784333333333334
10/1/2008,12:15:00,0.5158666666666667
10/1/2008,12:30:00,0.9144000000000001
10/1/2008,12:45:00,0.8211333333333335
10/1/2008,13:00:00,0.9448666666666667
10/1/2008,13:15:00,0.7519333333333335
10/1/2008,13:30:00,0.4515
10/1/2008,13:45:00,0.26489999999999997
10/1/2008,14:00:00,0.28159999999999996
10/1/2008,14:15:00,0.23293333333333333
10/1/2008,14:30:00,0.132
10/1/2008,14:45:00,0.1327
10/1/2008,15:00:00,0.1091333333333333
10/1/2008,15:15:00,0.10156666666666665
10/1/2008,15:30:00,0.12876666666666664
10/1/2008,15:45:00,0.11229999999999998
10/1/2008,16:00:00,0.10023333333333333
10/1/2008,16:15:00,0.1235
10/1/2008,16:30:00,0.1139
10/1/2008,16:45:00,0.10309999999999998
10/1/2008,17:00:00,0.1384
10/1/2008,17:15:00,0.12583333333333332
10/1/2008,17:30:00,0.10033333333333333
10/1/2008,17:45:00,0.11490000000000002
10/1/2008,18:00:00,0.12383333333333334
10/1/2008,18:15:00,0.0999
10/1/2008,18:30:00,0.10956666666666667
10/1/2008,18:45:00,0.12606666666666666
10/1/2008,19:00:00,0.10416666666666666
10/1/2008,19:15:00,0.10619999999999999
10/1/2008,19:30:00,0.13696666666666665
10/1/2008,19:45:00,0.12693333333333331
10/1/2008,20:00:00,0.10230000000000002
10/1/2008,20:15:00,0.12276666666666668
10/1/2008,20:30:00,0.20966666666666667
10/1/2008,20:45:00,0.37160000000000004
10/1/2008,21:00:00,0.38769999999999993
10/1/2008,21:15:00,0.19283333333333333
10/1/2008,21:30:00,0.09993333333333336
10/1/2008,21:45:00,0.11113333333333338
10/1/2008,22:00:00,0.1275333333333333
10/1/2008,22:15:00,0.40549999999999997
10/1/2008,22:30:00,0.24283333333333332
10/1/2008,22:45:00,0.19809999999999997
10/1/2008,23:00:00,0.5493333333333333
10/1/2008,23:15:00,0.6136666666666666
10/1/2008,23:30:00,0.5750333333333332
10/1/2008,23:45:00,0.5251666666666667
11/1/2008,00:00:00,0.7389
11/1/2008,00:15:00,0.7730666666666667
11/1/2008,00:30:00,0.7692666666666665
11/1/2008,00:45:00,0.4774666666666667
11/1/2008,01:00:00,0.4420333333333334
11/1/2008,01:15:00,0.38483333333333336
11/1/2008,01:30:00,0.36183333333333334
11/1/2008,01:45:00,0.37470000000000003
11/1/2008,02:00:00,0.3859333333333334
11/1/2008,02:15:00,0.3641
11/1/2008,02:30:00,0.37496666666666667
11/1/2008,02:45:00,0.3871
11/1/2008,03:00:00,0.3686333333333333
11/1/2008,03:15:00,0.37220000000000003
11/1/2008,03:30:00,0.3987333333333333
11/1/2008,03:45:00,0.3875666666666666
11/1/2008,04:00:00,0.36633333333333334
11/1/2008,04:15:00,0.38786666666666664
11/1/2008,04:30:00,0.3729666666666668
11/1/2008,04:45:00,0.3616333333333333
11/1/2008,05:00:00,0.3855333333333334
11/1/2008,05:15:00,0.37656666666666677
11/1/2008,05:30:00,0.3637666666666666
11/1/2008,05:45:00,0.4597666666666667
11/1/2008,06:00:00,0.3892
11/1/2008,06:15:00,0.3949333333333333
11/1/2008,06:30:00,0.3930333333333333
11/1/2008,06:45:00,0.41719999999999996
11/1/2008,07:00:00,0.3872333333333333
11/1/2008,07:15:00,0.2894333333333333
11/1/2008,07:30:00,0.16053333333333333
11/1/2008,07:45:00,0.23809999999999998
11/1/2008,08:00:00,0.2339
11/1/2008,08:15:00,0.26516666666666666
11/1/2008,08:30:00,0.24483333333333335
11/1/2008,08:45:00,0.2352333333333333
11/1/2008,09:00:00,0.12583333333333332
11/1/2008,09:15:00,0.09696666666666663
11/1/2008,09:30:00,0.08146666666666666
11/1/2008,09:45:00,0.09936666666666666
11/1/2008,10:00:00,0.13956666666666664
11/1/2008,10:15:00,0.1686
11/1/2008,10:30:00,0.18316666666666667
11/1/2008,10:45:00,0.24223333333333336
11/1/2008,11:00:00,0.2087333333333333
11/1/2008,11:15:00,0.23276666666666668
11/1/2008,11:30:00,0.48689999999999994
11/1/2008,11:45:00,0.5464333333333333
11/1/2008,12:00:00,0.7676000000000002
11/1/2008,12:15:00,0.7018
11/1/2008,12:30:00,0.44270000000000004
11/1/2008,12:45:00,0.4512
11/1/2008,13:00:00,0.7028333333333335
11/1/2008,13:15:00,0.8776
11/1/2008,13:30:00,0.9673333333333333
11/1/2008,13:45:00,0.9876000000000001
11/1/2008,14:00:00,0.9135333333333333
11/1/2008,14:15:00,0.6481333333333333
11/1/2008,14:30:00,0.4773333333333334
11/1/2008,14:45:00,0.8758333333333336
11/1/2008,15:00:00,0.43553333333333333
11/1/2008,15:15:00,0.2938
11/1/2008,15:30:00,0.16556666666666667
11/1/2008,15:45:00,0.1112
11/1/2008,16:00:00,0.08199999999999999
11/1/2008,16:15:00,0.10163333333333331
11/1/2008,16:30:00,0.06576666666666667
11/1/2008,16:45:00,0.071
11/1/2008,17:00:00,0.08593333333333332
11/1/2008,17:15:00,0.05713333333333332
11/1/2008,17:30:00,0.06670000000000001
11/1/2008,17:45:00,0.08806666666666668
11/1/2008,18:00:00,0.056033333333333324
11/1/2008,18:15:00,0.06110000000000001
11/1/2008,18:30:00,0.0967
11/1/2008,18:45:00,0.07769999999999999
11/1/2008,19:00:00,0.06426666666666667
11/1/2008,19:15:00,0.09286666666666667
11/1/2008,19:30:00,0.06010000000000001
11/1/2008,19:45:00,0.056766666666666674
11/1/2008,20:00:00,0.08996666666666664
11/1/2008,20:15:00,0.06466666666666666
11/1/2008,20:30:00,0.056933333333333336
11/1/2008,20:45:00,0.0828
11/1/2008,21:00:00,0.07159999999999998
11/1/2008,21:15:00,0.07653333333333333
11/1/2008,21:30:00,0.18716666666666668
11/1/2008,21:45:00,0.35363333333333336
11/1/2008,22:00:00,0.32989999999999997
11/1/2008,22:15:00,0.20720000000000002
11/1/2008,22:30:00,0.08603333333333334
11/1/2008,22:45:00,0.0564
11/1/2008,23:00:00,0.0605
11/1/2008,23:15:00,0.09026666666666666
11/1/2008,23:30:00,0.058100000000000006
11/1/2008,23:45:00,0.06946666666666668
12/1/2008,00:00:00,0.36973333333333336
12/1/2008,00:15:00,0.13243333333333335
12/1/2008,00:30:00,0.10873333333333333
12/1/2008,00:45:00,0.1296
12/1/2008,01:00:00,0.3794333333333334
12/1/2008,01:15:00,0.2054
12/1/2008,01:30:00,0.31953333333333334
12/1/2008,01:45:00,0.46673333333333333
12/1/2008,02:00:00,0.46346666666666664
12/1/2008,02:15:00,0.6532666666666666
12/1/2008,02:30:00,0.5749
12/1/2008,02:45:00,0.41596666666666665
12/1/2008,03:00:00,0.43313333333333337
12/1/2008,03:15:00,0.4101666666666666
12/1/2008,03:30:00,0.4076333333333333
12/1/2008,03:45:00,0.4045333333333333
12/1/2008,04:00:00,0.40983333333333327
12/1/2008,04:15:00,0.4055333333333333
12/1/2008,04:30:00,0.3991333333333334
12/1/2008,04:45:00,0.40896666666666653
12/1/2008,05:00:00,0.41046666666666654
12/1/2008,05:15:00,0.39936666666666665
12/1/2008,05:30:00,0.36050000000000004
12/1/2008,05:45:00,0.3537666666666667
12/1/2008,06:00:00,0.41426666666666667
12/1/2008,06:15:00,0.6480999999999999
12/1/2008,06:30:00,0.5247666666666667
12/1/2008,06:45:00,0.48503333333333337
12/1/2008,07:00:00,0.45816666666666667
12/1/2008,07:15:00,0.4231
12/1/2008,07:30:00,0.42046666666666666
12/1/2008,07:45:00,0.3065666666666667
12/1/2008,08:00:00,0.15646666666666667
12/1/2008,08:15:00,0.1500333333333333
12/1/2008,08:30:00,0.15350000000000003
12/1/2008,08:45:00,0.15476666666666666
12/1/2008,09:00:00,0.15383333333333332
12/1/2008,09:15:00,0.15100000000000005
12/1/2008,09:30:00,0.15630000000000002
12/1/2008,09:45:00,0.15206666666666668
12/1/2008,10:00:00,0.14983333333333335
12/1/2008,10:15:00,0.17896666666666664
12/1/2008,10:30:00,0.15990000000000001
12/1/2008,10:45:00,0.14273333333333335
12/1/2008,11:00:00,0.16006666666666666
12/1/2008,11:15:00,0.14629999999999999
12/1/2008,11:30:00,0.14023333333333332
12/1/2008,11:45:00,0.2304
12/1/2008,12:00:00,0.4045
12/1/2008,12:15:00,0.3114
12/1/2008,12:30:00,0.3418333333333333
12/1/2008,12:45:00,0.34409999999999996
12/1/2008,13:00:00,0.34873333333333334
12/1/2008,13:15:00,0.33799999999999997
12/1/2008,13:30:00,0.3225666666666667
12/1/2008,13:45:00,0.3406
12/1/2008,14:00:00,0.43416666666666665
12/1/2008,14:15:00,0.3637333333333333
12/1/2008,14:30:00,0.4004666666666667
12/1/2008,14:45:00,0.4428666666666667
12/1/2008,15:00:00,0.45899999999999996
12/1/2008,15:15:00,0.44376666666666664
12/1/2008,15:30:00,0.40236666666666665
12/1/2008,15:45:00,0.4568
12/1/2008,16:00:00,0.30906666666666666
12/1/2008,16:15:00,0.3049333333333333
12/1/2008,16:30:00,0.476
12/1/2008,16:45:00,0.7465666666666668
12/1/2008,17:00:00,0.7723666666666668
12/1/2008,17:15:00,0.9242666666666668
12/1/2008,17:30:00,0.6574666666666665
12/1/2008,17:45:00,0.46716666666666673
12/1/2008,18:00:00,0.34080000000000005
12/1/2008,18:15:00,0.3400333333333334
12/1/2008,18:30:00,0.8375333333333334
12/1/2008,18:45:00,0.3474
12/1/2008,19:00:00,0.1349
12/1/2008,19:15:00,0.13099999999999998
12/1/2008,19:30:00,0.11783333333333335
12/1/2008,19:45:00,0.1188
12/1/2008,20:00:00,0.11646666666666666
12/1/2008,20:15:00,0.11293333333333333
12/1/2008,20:30:00,0.12986666666666669
12/1/2008,20:45:00,0.13173333333333334
12/1/2008,21:00:00,0.11956666666666668
12/1/2008,21:15:00,0.126
12/1/2008,21:30:00,0.10819999999999999
12/1/2008,21:45:00,0.11363333333333331
12/1/2008,22:00:00,0.12746666666666667
12/1/2008,22:15:00,0.10700000000000001
12/1/2008,22:30:00,0.14379999999999998
12/1/2008,22:45:00,0.1186
12/1/2008,23:00:00,0.10573333333333333
12/1/2008,23:15:00,0.12516666666666668
12/1/2008,23:30:00,0.13016666666666668
12/1/2008,23:45:00,0.10883333333333334
13/1/2008,00:00:00,0.10596666666666667
13/1/2008,00:15:00,0.11206666666666668
13/1/2008,00:30:00,0.1144
13/1/2008,00:45:00,0.1015666666666667
13/1/2008,01:00:00,0.11073333333333334
13/1/2008,01:15:00,0.12133333333333333
13/1/2008,01:30:00,0.09963333333333334
13/1/2008,01:45:00,0.11230000000000001
13/1/2008,02:00:00,0.14429999999999998
13/1/2008,02:15:00,0.11216666666666665
13/1/2008,02:30:00,0.10936666666666665
13/1/2008,02:45:00,0.5187
13/1/2008,03:00:00,0.7876333333333333
13/1/2008,03:15:00,0.8046333333333334
13/1/2008,03:30:00,0.8133666666666667
13/1/2008,03:45:00,0.6413
13/1/2008,04:00:00,0.47623333333333334
13/1/2008,04:15:00,0.25839999999999996
13/1/2008,04:30:00,0.12673333333333334
13/1/2008,04:45:00,0.12133333333333332
13/1/2008,05:00:00,0.3264333333333333
13/1/2008,05:15:00,0.3841333333333333
13/1/2008,05:30:00,0.3588333333333333
13/1/2008,05:45:00,0.3350666666666667
13/1/2008,06:00:00,0.3877333333333333
13/1/2008,06:15:00,1.0597333333333334
13/1/2008,06:30:00,1.0088
13/1/2008,06:45:00,1.0413000000000001
13/1/2008,07:00:00,0.7958999999999999
13/1/2008,07:15:00,0.42266666666666663
13/1/2008,07:30:00,0.4092666666666666
13/1/2008,07:45:00,0.4066
13/1/2008,08:00:00,0.3757333333333334
13/1/2008,08:15:00,0.30693333333333334
13/1/2008,08:30:00,0.11480000000000001
13/1/2008,08:45:00,0.15886666666666668
13/1/2008,09:00:00,0.1484333333333333
13/1/2008,09:15:00,0.13749999999999998
13/1/2008,09:30:00,0.16330000000000003
13/1/2008,09:45:00,0.1377666666666667
13/1/2008,10:00:00,0.15873333333333334
13/1/2008,10:15:00,0.7931666666666667
13/1/2008,10:30:00,0.9829666666666667
13/1/2008,10:45:00,0.7285
13/1/2008,11:00:00,0.5192666666666668
13/1/2008,11:15:00,0.2647
13/1/2008,11:30:00,0.2833333333333333
13/1/2008,11:45:00,0.45133333333333336
13/1/2008,12:00:00,0.38769999999999993
13/1/2008,12:15:00,0.3767333333333333
13/1/2008,12:30:00,0.41490000000000005
13/1/2008,12:45:00,0.24216666666666664
13/1/2008,13:00:00,0.2389
13/1/2008,13:15:00,0.742
13/1/2008,13:30:00,0.5933666666666666
13/1/2008,13:45:00,0.8172666666666667
13/1/2008,14:00:00,0.8907333333333333
13/1/2008,14:15:00,0.9529333333333334
13/1/2008,14:30:00,1.468633333333333
13/1/2008,14:45:00,1.5594666666666663
13/1/2008,15:00:00,1.3610333333333335
13/1/2008,15:15:00,0.9587999999999999
13/1/2008,15:30:00,0.9333666666666668
13/1/2008,15:45:00,0.9407666666666668
13/1/2008,16:00:00,0.7982666666666666
13/1/2008,16:15:00,1.2153333333333332
13/1/2008,16:30:00,0.7854333333333333
13/1/2008,16:45:00,0.7495
13/1/2008,17:00:00,0.7588666666666667
13/1/2008,17:15:00,0.7433333333333333
13/1/2008,17:30:00,0.8209666666666667
13/1/2008,17:45:00,0.7934666666666667
13/1/2008,18:00:00,0.7729333333333334
13/1/2008,18:15:00,0.983166666666667
13/1/2008,18:30:00,1.0428333333333335
13/1/2008,18:45:00,1.0902999999999998
13/1/2008,19:00:00,1.1378333333333333
13/1/2008,19:15:00,1.1126
13/1/2008,19:30:00,1.0682333333333331
13/1/2008,19:45:00,1.1142666666666665
13/1/2008,20:00:00,1.0209666666666668
13/1/2008,20:15:00,0.9887
13/1/2008,20:30:00,1.3220666666666665
13/1/2008,20:45:00,1.1819666666666668
13/1/2008,21:00:00,1.3555666666666668
13/1/2008,21:15:00,0.9407999999999999
13/1/2008,21:30:00,0.9177
13/1/2008,21:45:00,0.9137666666666667
13/1/2008,22:00:00,0.9436
13/1/2008,22:15:00,0.9208333333333333
13/1/2008,22:30:00,1.0284000000000002
13/1/2008,22:45:00,0.7183333333333333
13/1/2008,23:00:00,0.6285666666666665
13/1/2008,23:15:00,0.8206333333333333
13/1/2008,23:30:00,0.9177333333333334
13/1/2008,23:45:00,0.6064
14/1/2008,00:00:00,0.6021
14/1/2008,00:15:00,0.6067333333333335
14/1/2008,00:30:00,0.6270333333333334
14/1/2008,00:45:00,0.6187666666666667
14/1/2008,01:00:00,0.6040666666666666
14/1/2008,01:15:00,0.6065666666666667
14/1/2008,01:30:00,0.3936000000000001
14/1/2008,01:45:00,0.3368666666666667
14/1/2008,02:00:00,0.33930000000000005
14/1/2008,02:15:00,0.33
14/1/2008,02:30:00,0.33770000000000006
14/1/2008,02:45:00,0.3399333333333333
14/1/2008,03:00:00,0.32946666666666663
14/1/2008,03:15:00,0.3409333333333333
14/1/2008,03:30:00,0.36173333333333335
14/1/2008,03:45:00,0.3461666666666666
14/1/2008,04:00:00,0.3378999999999999
14/1/2008,04:15:00,0.33999999999999997
14/1/2008,04:30:00,0.32223333333333326
14/1/2008,04:45:00,0.3391
14/1/2008,05:00:00,0.2257666666666667
14/1/2008,05:15:00,0.05623333333333334
14/1/2008,05:30:00,0.07693333333333333
14/1/2008,05:45:00,0.07843333333333335
14/1/2008,06:00:00,0.34583333333333327
14/1/2008,06:15:00,0.33953333333333324
14/1/2008,06:30:00,0.37786666666666674
14/1/2008,06:45:00,0.36633333333333334
14/1/2008,07:00:00,0.45596666666666663
14/1/2008,07:15:00,0.4649333333333334
14/1/2008,07:30:00,0.0969
14/1/2008,07:45:00,0.10576666666666665
14/1/2008,08:00:00,0.3492666666666666
14/1/2008,08:15:00,0.32183333333333336
14/1/2008,08:30:00,0.3189
14/1/2008,08:45:00,0.41646666666666665
14/1/2008,09:00:00,0.5927333333333332
14/1/2008,09:15:00,0.5363333333333333
14/1/2008,09:30:00,0.5690333333333333
14/1/2008,09:45:00,0.6871
14/1/2008,10:00:00,0.612
14/1/2008,10:15:00,0.47686666666666666
14/1/2008,10:30:00,0.14733333333333337
14/1/2008,10:45:00,0.2573666666666667
14/1/2008,11:00:00,0.5314333333333333
14/1/2008,11:15:00,1.2785666666666662
14/1/2008,11:30:00,0.8781333333333333
14/1/2008,11:45:00,0.31013333333333337
14/1/2008,12:00:00,0.13676666666666668
14/1/2008,12:15:00,0.1381666666666667
14/1/2008,12:30:00,0.1115
14/1/2008,12:45:00,0.13403333333333334
14/1/2008,13:00:00,0.12643333333333334
14/1/2008,13:15:00,0.12380000000000002
14/1/2008,13:30:00,0.14286666666666667
14/1/2008,13:45:00,0.11743333333333332
14/1/2008,14:00:00,0.103
14/1/2008,14:15:00,0.19866666666666669
14/1/2008,14:30:00,0.3765666666666667
14/1/2008,14:45:00,0.3660333333333333
14/1/2008,15:00:00,0.5620333333333333
14/1/2008,15:15:00,0.4748333333333334
14/1/2008,15:30:00,0.46399999999999997
14/1/2008,15:45:00,0.6271
14/1/2008,16:00:00,0.8827333333333333
14/1/2008,16:15:00,1.3082999999999998
14/1/2008,16:30:00,1.0670999999999997
14/1/2008,16:45:00,1.0249333333333333
14/1/2008,17:00:00,1.2505333333333335
14/1/2008,17:15:00,0.9007333333333334
14/1/2008,17:30:00,0.6872666666666667
14/1/2008,17:45:00,0.9128666666666665
14/1/2008,18:00:00,0.8680333333333333
14/1/2008,18:15:00,0.7971333333333332
14/1/2008,18:30:00,0.7759666666666666
14/1/2008,18:45:00,0.5146
14/1/2008,19:00:00,0.5835
14/1/2008,19:15:00,0.5969
14/1/2008,19:30:00,0.6271666666666667
14/1/2008,19:45:00,0.5864
14/1/2008,20:00:00,0.2863666666666666
14/1/2008,20:15:00,0.21213333333333334
14/1/2008,20:30:00,0.14203333333333332
14/1/2008,20:45:00,0.12856666666666666
14/1/2008,21:00:00,0.07479999999999999
14/1/2008,21:15:00,0.05556666666666666
14/1/2008,21:30:00,0.08763333333333333
14/1/2008,21:45:00,0.07053333333333334
14/1/2008,22:00:00,0.05563333333333334
14/1/2008,22:15:00,0.08066666666666668
14/1/2008,22:30:00,0.07540000000000001
14/1/2008,22:45:00,0.05593333333333332
14/1/2008,23:00:00,0.07246666666666665
14/1/2008,23:15:00,0.08159999999999999
14/1/2008,23:30:00,0.05543333333333334
14/1/2008,23:45:00,0.06499999999999999
15/1/2008,00:00:00,0.09656666666666665
15/1/2008,00:15:00,0.07676666666666665
15/1/2008,00:30:00,0.07576666666666665
15/1/2008,00:45:00,0.09500000000000001
15/1/2008,01:00:00,0.05996666666666668
15/1/2008,01:15:00,0.056566666666666675
15/1/2008,01:30:00,0.08456666666666668
15/1/2008,01:45:00,0.06873333333333333
15/1/2008,02:00:00,0.1291
15/1/2008,02:15:00,0.35333333333333333
15/1/2008,02:30:00,0.34769999999999995
15/1/2008,02:45:00,0.07116666666666667
15/1/2008,03:00:00,0.07103333333333334
15/1/2008,03:15:00,0.08146666666666667
15/1/2008,03:30:00,0.05980000000000001
15/1/2008,03:45:00,0.08553333333333334
15/1/2008,04:00:00,0.09790000000000001
15/1/2008,04:15:00,0.07413333333333331
15/1/2008,04:30:00,0.06186666666666666
15/1/2008,04:45:00,0.07706666666666667
15/1/2008,05:00:00,0.07063333333333333
15/1/2008,05:15:00,0.21736666666666665
15/1/2008,05:30:00,0.3133
15/1/2008,05:45:00,0.4243666666666666
15/1/2008,06:00:00,0.5068666666666668
15/1/2008,06:15:00,0.6599333333333334
15/1/2008,06:30:00,0.46983333333333327
15/1/2008,06:45:00,0.43983333333333335
15/1/2008,07:00:00,0.5889666666666666
15/1/2008,07:15:00,0.7189333333333334
15/1/2008,07:30:00,0.7237999999999998
15/1/2008,07:45:00,0.7051333333333333
15/1/2008,08:00:00,0.5998666666666668
15/1/2008,08:15:00,0.44020000000000004
15/1/2008,08:30:00,0.36466666666666664
15/1/2008,08:45:00,0.39709999999999995
15/1/2008,09:00:00,0.39936666666666665
15/1/2008,09:15:00,0.3641666666666666
15/1/2008,09:30:00,0.37496666666666667
15/1/2008,09:45:00,0.38526666666666676
15/1/2008,10:00:00,0.36556666666666665
15/1/2008,10:15:00,0.3712666666666667
15/1/2008,10:30:00,0.37793333333333334
15/1/2008,10:45:00,0.3681999999999999
15/1/2008,11:00:00,0.3896
15/1/2008,11:15:00,0.39949999999999997
15/1/2008,11:30:00,0.3953666666666667
15/1/2008,11:45:00,0.36746666666666666
15/1/2008,12:00:00,0.3755333333333334
15/1/2008,12:15:00,0.3791666666666666
15/1/2008,12:30:00,0.35973333333333335
15/1/2008,12:45:00,0.37133333333333335
15/1/2008,13:00:00,0.38460000000000005
15/1/2008,13:15:00,0.3699333333333333
15/1/2008,13:30:00,0.20250000000000004
15/1/2008,13:45:00,0.1175
15/1/2008,14:00:00,0.10906666666666667
15/1/2008,14:15:00,0.10623333333333333
15/1/2008,14:30:00,0.11649999999999999
15/1/2008,14:45:00,0.12113333333333332
15/1/2008,15:00:00,0.12236666666666665
15/1/2008,15:15:00,0.13373333333333334
15/1/2008,15:30:00,0.12266666666666666
15/1/2008,15:45:00,0.09863333333333335
15/1/2008,16:00:00,0.11216666666666666
15/1/2008,16:15:00,0.12160000000000001
15/1/2008,16:30:00,0.10096666666666668
15/1/2008,16:45:00,0.10856666666666666
15/1/2008,17:00:00,0.22423333333333334
15/1/2008,17:15:00,0.19376666666666667
15/1/2008,17:30:00,0.1940333333333333
15/1/2008,17:45:00,0.19936666666666666
15/1/2008,18:00:00,0.22116666666666662
15/1/2008,18:15:00,0.3535333333333334
15/1/2008,18:30:00,0.5996666666666667
15/1/2008,18:45:00,0.7852
15/1/2008,19:00:00,1.0203333333333333
15/1/2008,19:15:00,0.8608666666666667
15/1/2008,19:30:00,0.29136666666666666
15/1/2008,19:45:00,0.3935666666666667
15/1/2008,20:00:00,1.3578000000000001
15/1/2008,20:15:00,1.7667333333333335
15/1/2008,20:30:00,1.7520666666666667
15/1/2008,20:45:00,1.4538
15/1/2008,21:00:00,1.4231
15/1/2008,21:15:00,1.0561999999999998
15/1/2008,21:30:00,0.9590666666666666
15/1/2008,21:45:00,0.8282333333333335
15/1/2008,22:00:00,0.29406666666666664
15/1/2008,22:15:00,0.15453333333333336
15/1/2008,22:30:00,0.15286666666666665
15/1/2008,22:45:00,0.12813333333333335
15/1/2008,23:00:00,0.09039999999999998
15/1/2008,23:15:00,0.09836666666666666
15/1/2008,23:30:00,0.20426666666666665
15/1/2008,23:45:00,0.36906666666666665
16/1/2008,00:00:00,0.36660000000000004
16/1/2008,00:15:00,0.1907
16/1/2008,00:30:00,0.10049999999999999
16/1/2008,00:45:00,0.09116666666666666
16/1/2008,01:00:00,0.10046666666666668
16/1/2008,01:15:00,0.10669999999999999
16/1/2008,01:30:00,0.08766666666666667
16/1/2008,01:45:00,0.10243333333333333
16/1/2008,02:00:00,0.1296
16/1/2008,02:15:00,0.10869999999999999
16/1/2008,02:30:00,0.1038
16/1/2008,02:45:00,0.10236666666666668
16/1/2008,03:00:00,0.09803333333333332
16/1/2008,03:15:00,0.09540000000000001
16/1/2008,03:30:00,0.09659999999999999
16/1/2008,03:45:00,0.10690000000000001
16/1/2008,04:00:00,0.08903333333333334
16/1/2008,04:15:00,0.09536666666666667
16/1/2008,04:30:00,0.10843333333333333
16/1/2008,04:45:00,0.09006666666666667
16/1/2008,05:00:00,0.09689999999999999
16/1/2008,05:15:00,0.10243333333333333
16/1/2008,05:30:00,0.11946666666666667
16/1/2008,05:45:00,0.1092
16/1/2008,06:00:00,0.1077
16/1/2008,06:15:00,0.11033333333333335
16/1/2008,06:30:00,0.08843333333333332
16/1/2008,06:45:00,0.09863333333333332
16/1/2008,07:00:00,0.11663333333333332
16/1/2008,07:15:00,0.9168000000000001
16/1/2008,07:30:00,0.6522333333333334
16/1/2008,07:45:00,0.5712666666666666
16/1/2008,08:00:00,0.5921666666666668
16/1/2008,08:15:00,0.5801666666666666
16/1/2008,08:30:00,0.7160333333333333
16/1/2008,08:45:00,0.7135666666666667
16/1/2008,09:00:00,0.5263333333333333
16/1/2008,09:15:00,0.38103333333333333
16/1/2008,09:30:00,0.3818333333333334
16/1/2008,09:45:00,0.37416666666666665
16/1/2008,10:00:00,0.3614333333333333
16/1/2008,10:15:00,0.3632333333333334
16/1/2008,10:30:00,0.3684333333333333
16/1/2008,10:45:00,0.35516666666666663
16/1/2008,11:00:00,0.3558666666666666
16/1/2008,11:15:00,0.3756333333333334
16/1/2008,11:30:00,0.4305333333333333
16/1/2008,11:45:00,0.9687000000000001
16/1/2008,12:00:00,0.8008666666666665
16/1/2008,12:15:00,0.5064000000000001
16/1/2008,12:30:00,0.4259666666666667
16/1/2008,12:45:00,0.6949666666666667
16/1/2008,13:00:00,1.5963
16/1/2008,13:15:00,1.767766666666667
16/1/2008,13:30:00,1.2089333333333332
16/1/2008,13:45:00,0.8936666666666667
16/1/2008,14:00:00,0.8431000000000001
16/1/2008,14:15:00,0.7735666666666667
16/1/2008,14:30:00,1.0619333333333334
16/1/2008,14:45:00,0.9992333333333333
16/1/2008,15:00:00,0.9861333333333333
16/1/2008,15:15:00,0.9103333333333334
16/1/2008,15:30:00,0.8806333333333332
16/1/2008,15:45:00,0.5694000000000001
16/1/2008,16:00:00,0.5395
16/1/2008,16:15:00,0.5486000000000001
16/1/2008,16:30:00,0.5259333333333334
16/1/2008,16:45:00,0.5193
16/1/2008,17:00:00,0.5331333333333333
16/1/2008,17:15:00,0.5164000000000001
16/1/2008,17:30:00,0.5125000000000001
16/1/2008,17:45:00,0.47090000000000004
16/1/2008,18:00:00,0.38383333333333336
16/1/2008,18:15:00,0.3841666666666667
16/1/2008,18:30:00,0.5107666666666666
16/1/2008,18:45:00,0.5357666666666667
16/1/2008,19:00:00,0.6247333333333333
16/1/2008,19:15:00,0.7634666666666667
16/1/2008,19:30:00,0.5738000000000001
16/1/2008,19:45:00,0.6377666666666667
16/1/2008,20:00:00,0.6638333333333334
16/1/2008,20:15:00,0.4707666666666667
16/1/2008,20:30:00,0.2833
16/1/2008,20:45:00,0.4558333333333333
16/1/2008,21:00:00,0.3182666666666667
16/1/2008,21:15:00,0.6652
16/1/2008,21:30:00,0.4529999999999999
16/1/2008,21:45:00,0.40673333333333334
16/1/2008,22:00:00,0.3943666666666666
16/1/2008,22:15:00,0.3830333333333334
16/1/2008,22:30:00,0.39580000000000004
16/1/2008,22:45:00,0.5866666666666667
16/1/2008,23:00:00,0.6965666666666668
16/1/2008,23:15:00,0.8119333333333335
16/1/2008,23:30:00,0.8305666666666666
16/1/2008,23:45:00,0.6966333333333332
17/1/2008,00:00:00,0.5258999999999999
17/1/2008,00:15:00,0.4424
17/1/2008,00:30:00,0.4193
17/1/2008,00:45:00,0.40676666666666667
17/1/2008,01:00:00,0.39219999999999994
17/1/2008,01:15:00,0.31676666666666664
17/1/2008,01:30:00,0.11056666666666666
17/1/2008,01:45:00,0.10676666666666666
17/1/2008,02:00:00,0.1396666666666667
17/1/2008,02:15:00,0.12613333333333332
17/1/2008,02:30:00,0.12543333333333334
17/1/2008,02:45:00,0.12403333333333333
17/1/2008,03:00:00,0.1049666666666667
17/1/2008,03:15:00,0.11073333333333332
17/1/2008,03:30:00,0.11309999999999999
17/1/2008,03:45:00,0.11146666666666664
17/1/2008,04:00:00,0.11093333333333331
17/1/2008,04:15:00,0.1099
17/1/2008,04:30:00,0.11793333333333333
17/1/2008,04:45:00,0.10616666666666669
17/1/2008,05:00:00,0.10576666666666666
17/1/2008,05:15:00,0.12023333333333334
17/1/2008,05:30:00,0.10809999999999997
17/1/2008,05:45:00,0.13090000000000002
17/1/2008,06:00:00,0.1326
17/1/2008,06:15:00,0.1298
17/1/2008,06:30:00,0.1123
17/1/2008,06:45:00,0.10536666666666666
17/1/2008,07:00:00,0.11890000000000002
17/1/2008,07:15:00,0.10513333333333333
17/1/2008,07:30:00,0.10506666666666667
17/1/2008,07:45:00,0.12033333333333335
17/1/2008,08:00:00,0.1045
17/1/2008,08:15:00,0.1116
17/1/2008,08:30:00,0.11676666666666669
17/1/2008,08:45:00,0.44100000000000006
17/1/2008,09:00:00,0.5825333333333333
17/1/2008,09:15:00,0.5508
17/1/2008,09:30:00,0.6358666666666665
17/1/2008,09:45:00,0.6074
17/1/2008,10:00:00,0.7715333333333334
17/1/2008,10:15:00,0.5399333333333334
17/1/2008,10:30:00,0.46313333333333334
17/1/2008,10:45:00,0.4523333333333333
17/1/2008,11:00:00,0.5299333333333334
17/1/2008,11:15:00,0.5365666666666666
17/1/2008,11:30:00,0.37500000000000006
17/1/2008,11:45:00,0.3729333333333333
17/1/2008,12:00:00,0.3762666666666667
17/1/2008,12:15:00,0.3693000000000001
17/1/2008,12:30:00,0.3702333333333333
17/1/2008,12:45:00,0.3824666666666667
17/1/2008,13:00:00,0.38130000000000003
17/1/2008,13:15:00,0.4388666666666667
17/1/2008,13:30:00,0.40053333333333335
17/1/2008,13:45:00,0.3689
17/1/2008,14:00:00,0.40839999999999993
17/1/2008,14:15:00,0.6804666666666666
17/1/2008,14:30:00,0.41336666666666666
17/1/2008,14:45:00,0.4205333333333333
17/1/2008,15:00:00,0.5009000000000001
17/1/2008,15:15:00,0.4535666666666667
17/1/2008,15:30:00,0.4638333333333333
17/1/2008,15:45:00,0.47473333333333334
17/1/2008,16:00:00,0.6010666666666666
17/1/2008,16:15:00,0.951
17/1/2008,16:30:00,0.9712999999999999
17/1/2008,16:45:00,0.9135000000000002
17/1/2008,17:00:00,0.869
17/1/2008,17:15:00,0.5767333333333333
17/1/2008,17:30:00,0.8680666666666667
17/1/2008,17:45:00,0.3332
17/1/2008,18:00:00,0.17636666666666667
17/1/2008,18:15:00,0.19756666666666664
17/1/2008,18:30:00,0.1705666666666667
17/1/2008,18:45:00,0.1778
17/1/2008,19:00:00,0.6549666666666668
17/1/2008,19:15:00,0.3083666666666667
17/1/2008,19:30:00,0.14696666666666666
17/1/2008,19:45:00,0.17423333333333335
17/1/2008,20:00:00,0.1721333333333333
17/1/2008,20:15:00,0.16493333333333332
17/1/2008,20:30:00,0.1787
17/1/2008,20:45:00,0.19316666666666665
17/1/2008,21:00:00,0.3910666666666667
17/1/2008,21:15:00,0.38866666666666666
17/1/2008,21:30:00,0.3736333333333333
17/1/2008,21:45:00,0.34719999999999995
17/1/2008,22:00:00,0.3772666666666667
17/1/2008,22:15:00,0.46286666666666665
17/1/2008,22:30:00,0.5296333333333333
17/1/2008,22:45:00,0.5612333333333334
17/1/2008,23:00:00,0.6079000000000001
17/1/2008,23:15:00,0.6620999999999998
17/1/2008,23:30:00,0.6861333333333333
17/1/2008,23:45:00,0.6701333333333335
18/1/2008,00:00:00,0.43303333333333327
18/1/2008,00:15:00,0.5267666666666666
18/1/2008,00:30:00,0.8712000000000002
18/1/2008,00:45:00,0.8063333333333333
18/1/2008,01:00:00,0.8655333333333333
18/1/2008,01:15:00,0.7021333333333335
18/1/2008,01:30:00,0.6845333333333334
18/1/2008,01:45:00,0.4627
18/1/2008,02:00:00,0.3486666666666667
18/1/2008,02:15:00,0.23403333333333332
18/1/2008,02:30:00,0.09580000000000001
18/1/2008,02:45:00,0.09430000000000001
18/1/2008,03:00:00,0.09693333333333336
18/1/2008,03:15:00,0.09756666666666668
18/1/2008,03:30:00,0.11106666666666667
18/1/2008,03:45:00,0.11689999999999999
18/1/2008,04:00:00,0.10763333333333333
18/1/2008,04:15:00,0.08576666666666669
18/1/2008,04:30:00,0.10133333333333333
18/1/2008,04:45:00,0.0887
18/1/2008,05:00:00,0.08343333333333335
18/1/2008,05:15:00,0.1037
18/1/2008,05:30:00,0.08610000000000001
18/1/2008,05:45:00,0.08653333333333332
18/1/2008,06:00:00,0.09989999999999999
18/1/2008,06:15:00,0.08719999999999999
18/1/2008,06:30:00,0.091
18/1/2008,06:45:00,0.09570000000000001
18/1/2008,07:00:00,0.09043333333333335
18/1/2008,07:15:00,0.10626666666666666
18/1/2008,07:30:00,0.10963333333333335
18/1/2008,07:45:00,0.10616666666666669
18/1/2008,08:00:00,0.0872
18/1/2008,08:15:00,0.09023333333333335
18/1/2008,08:30:00,0.09889999999999999
18/1/2008,08:45:00,0.07970000000000001
18/1/2008,09:00:00,0.08993333333333337
18/1/2008,09:15:00,0.10293333333333334
18/1/2008,09:30:00,0.14736666666666665
18/1/2008,09:45:00,0.36589999999999995
18/1/2008,10:00:00,0.3739333333333333
18/1/2008,10:15:00,0.31236666666666674
18/1/2008,10:30:00,0.4583666666666667
18/1/2008,10:45:00,0.17573333333333335
18/1/2008,11:00:00,0.1621333333333333
18/1/2008,11:15:00,0.16920000000000002
18/1/2008,11:30:00,0.20820000000000002
18/1/2008,11:45:00,0.5505
18/1/2008,12:00:00,0.6584666666666668
18/1/2008,12:15:00,0.7090666666666666
18/1/2008,12:30:00,1.1903666666666666
18/1/2008,12:45:00,0.5064333333333333
18/1/2008,13:00:00,0.42550000000000004
18/1/2008,13:15:00,0.7414999999999999
18/1/2008,13:30:00,0.5031000000000001
18/1/2008,13:45:00,0.35350000000000004
18/1/2008,14:00:00,0.36073333333333335
18/1/2008,14:15:00,0.3435
18/1/2008,14:30:00,0.3605333333333334
18/1/2008,14:45:00,0.3767333333333333
18/1/2008,15:00:00,0.35990000000000005
18/1/2008,15:15:00,0.3461666666666667
18/1/2008,15:30:00,0.3587666666666667
18/1/2008,15:45:00,0.35416666666666663
18/1/2008,16:00:00,0.34746666666666665
18/1/2008,16:15:00,0.36893333333333334
18/1/2008,16:30:00,0.3608666666666666
18/1/2008,16:45:00,0.34696666666666665
18/1/2008,17:00:00,0.3695
18/1/2008,17:15:00,0.36250000000000004
18/1/2008,17:30:00,0.3442333333333334
18/1/2008,17:45:00,0.3655333333333333
18/1/2008,18:00:00,0.37736666666666663
18/1/2008,18:15:00,0.11633333333333332
18/1/2008,18:30:00,0.12763333333333332
18/1/2008,18:45:00,0.20926666666666666
18/1/2008,19:00:00,0.12883333333333338
18/1/2008,19:15:00,0.1046
18/1/2008,19:30:00,0.12799999999999997
18/1/2008,19:45:00,0.10250000000000001
18/1/2008,20:00:00,0.1039
18/1/2008,20:15:00,0.12923333333333334
18/1/2008,20:30:00,0.12813333333333332
18/1/2008,20:45:00,0.19913333333333336
18/1/2008,21:00:00,0.11500000000000002
18/1/2008,21:15:00,0.09036666666666666
18/1/2008,21:30:00,0.07983333333333334
18/1/2008,21:45:00,0.12343333333333335
18/1/2008,22:00:00,0.1181
18/1/2008,22:15:00,0.17493333333333336
18/1/2008,22:30:00,0.18816666666666668
18/1/2008,22:45:00,0.1893666666666667
18/1/2008,23:00:00,0.16560000000000002
18/1/2008,23:15:00,0.1747666666666667
18/1/2008,23:30:00,0.3720666666666666
18/1/2008,23:45:00,0.32256666666666667
19/1/2008,00:00:00,0.5106
19/1/2008,00:15:00,0.7168666666666665
19/1/2008,00:30:00,0.6881999999999999
19/1/2008,00:45:00,0.5627333333333334
19/1/2008,01:00:00,0.7777333333333334
19/1/2008,01:15:00,0.7738000000000002
19/1/2008,01:30:00,0.6424333333333334
19/1/2008,01:45:00,0.5476
19/1/2008,02:00:00,0.4241
19/1/2008,02:15:00,0.3716666666666667
19/1/2008,02:30:00,0.30416666666666664
19/1/2008,02:45:00,0.2850666666666667
19/1/2008,03:00:00,0.21436666666666668
19/1/2008,03:15:00,0.209
19/1/2008,03:30:00,0.22616666666666668
19/1/2008,03:45:00,0.19209999999999994
19/1/2008,04:00:00,0.1939333333333333
19/1/2008,04:15:00,0.14816666666666667
19/1/2008,04:30:00,0.08973333333333332
19/1/2008,04:45:00,0.08266666666666668
19/1/2008,05:00:00,0.11743333333333332
19/1/2008,05:15:00,0.12053333333333331
19/1/2008,05:30:00,0.09993333333333336
19/1/2008,05:45:00,0.10713333333333333
19/1/2008,06:00:00,0.10246666666666666
19/1/2008,06:15:00,0.0853
19/1/2008,06:30:00,0.09433333333333334
19/1/2008,06:45:00,0.09849999999999999
19/1/2008,07:00:00,0.09020000000000002
19/1/2008,07:15:00,0.08966666666666666
19/1/2008,07:30:00,0.1003
19/1/2008,07:45:00,0.0937
19/1/2008,08:00:00,0.08456666666666666
19/1/2008,08:15:00,0.10680000000000002
19/1/2008,08:30:00,0.09113333333333333
19/1/2008,08:45:00,0.09996666666666663
19/1/2008,09:00:00,0.1229
19/1/2008,09:15:00,0.10626666666666665
19/1/2008,09:30:00,0.3035333333333333
19/1/2008,09:45:00,0.3638000000000001
19/1/2008,10:00:00,0.34476666666666667
19/1/2008,10:15:00,0.09616666666666668
19/1/2008,10:30:00,0.09123333333333333
19/1/2008,10:45:00,0.09720000000000001
19/1/2008,11:00:00,0.08473333333333334
19/1/2008,11:15:00,0.0911
19/1/2008,11:30:00,0.10556666666666668
19/1/2008,11:45:00,0.0828
19/1/2008,12:00:00,0.09440000000000001
19/1/2008,12:15:00,0.5653333333333332
19/1/2008,12:30:00,0.49016666666666653
19/1/2008,12:45:00,0.5015999999999999
19/1/2008,13:00:00,0.6019333333333333
19/1/2008,13:15:00,0.6829333333333334
19/1/2008,13:30:00,0.8890666666666669
19/1/2008,13:45:00,0.6864666666666667
19/1/2008,14:00:00,0.7320333333333333
19/1/2008,14:15:00,1.0265000000000002
19/1/2008,14:30:00,0.613
19/1/2008,14:45:00,0.558
19/1/2008,15:00:00,0.8022666666666667
19/1/2008,15:15:00,0.42896666666666655
19/1/2008,15:30:00,0.3631666666666667
19/1/2008,15:45:00,0.3438666666666666
19/1/2008,16:00:00,0.3726
19/1/2008,16:15:00,0.3780666666666666
19/1/2008,16:30:00,0.3576333333333334
19/1/2008,16:45:00,0.34820000000000007
19/1/2008,17:00:00,0.35926666666666673
19/1/2008,17:15:00,0.3507666666666666
19/1/2008,17:30:00,0.3451666666666666
19/1/2008,17:45:00,0.3666333333333333
19/1/2008,18:00:00,0.3573666666666666
19/1/2008,18:15:00,0.34579999999999994
19/1/2008,18:30:00,0.3670666666666666
19/1/2008,18:45:00,0.36833333333333335
19/1/2008,19:00:00,0.3494666666666666
19/1/2008,19:15:00,0.3613
19/1/2008,19:30:00,0.2903999999999998
19/1/2008,19:45:00,0.13299999999999998
19/1/2008,20:00:00,0.3267666666666666
19/1/2008,20:15:00,0.42656666666666676
19/1/2008,20:30:00,0.3982333333333333
19/1/2008,20:45:00,0.37866666666666665
19/1/2008,21:00:00,0.40603333333333336
19/1/2008,21:15:00,0.3753666666666666
19/1/2008,21:30:00,0.36519999999999997
19/1/2008,21:45:00,0.3821666666666667
19/1/2008,22:00:00,0.3841999999999999
19/1/2008,22:15:00,0.3610333333333333
19/1/2008,22:30:00,0.37100000000000005
19/1/2008,22:45:00,0.40129999999999993
19/1/2008,23:00:00,0.38056666666666666
19/1/2008,23:15:00,0.376
19/1/2008,23:30:00,0.3942333333333333
19/1/2008,23:45:00,0.37389999999999995
20/1/2008,00:00:00,0.4386
20/1/2008,00:15:00,0.5512666666666668
20/1/2008,00:30:00,0.7913666666666668
20/1/2008,00:45:00,0.5268999999999999
20/1/2008,01:00:00,0.5315666666666667
20/1/2008,01:15:00,0.6139000000000001
20/1/2008,01:30:00,0.9605333333333335
20/1/2008,01:45:00,0.9804666666666666
20/1/2008,02:00:00,0.7864333333333332
20/1/2008,02:15:00,0.8519333333333332
20/1/2008,02:30:00,0.7807999999999999
20/1/2008,02:45:00,0.5360333333333334
20/1/2008,03:00:00,0.3391
20/1/2008,03:15:00,0.3275
20/1/2008,03:30:00,0.38170000000000004
20/1/2008,03:45:00,0.6861000000000002
20/1/2008,04:00:00,0.5376333333333334
20/1/2008,04:15:00,0.32166666666666666
20/1/2008,04:30:00,0.3292333333333333
20/1/2008,04:45:00,0.4245
20/1/2008,05:00:00,0.5245333333333333
20/1/2008,05:15:00,0.6297666666666668
20/1/2008,05:30:00,0.5152000000000001
20/1/2008,05:45:00,0.4506333333333333
20/1/2008,06:00:00,0.39163333333333333
20/1/2008,06:15:00,0.33916666666666667
20/1/2008,06:30:00,0.0871
20/1/2008,06:45:00,0.05763333333333333
20/1/2008,07:00:00,0.06876666666666667
20/1/2008,07:15:00,0.08753333333333337
20/1/2008,07:30:00,0.05596666666666667
20/1/2008,07:45:00,0.06453333333333332
20/1/2008,08:00:00,0.08880000000000002
20/1/2008,08:15:00,0.17476666666666665
20/1/2008,08:30:00,0.10746666666666667
20/1/2008,08:45:00,0.10949999999999999
20/1/2008,09:00:00,0.07746666666666667
20/1/2008,09:15:00,0.06906666666666667
20/1/2008,09:30:00,0.09310000000000002
20/1/2008,09:45:00,0.0611
20/1/2008,10:00:00,0.05906666666666667
20/1/2008,10:15:00,0.08726666666666667
20/1/2008,10:30:00,0.07683333333333331
20/1/2008,10:45:00,0.059399999999999994
20/1/2008,11:00:00,0.08246666666666667
20/1/2008,11:15:00,0.0693
20/1/2008,11:30:00,0.06016666666666666
20/1/2008,11:45:00,0.07886666666666667
20/1/2008,12:00:00,0.09316666666666666
20/1/2008,12:15:00,0.07819999999999999
20/1/2008,12:30:00,0.08193333333333334
20/1/2008,12:45:00,0.07703333333333331
20/1/2008,13:00:00,0.05813333333333333
20/1/2008,13:15:00,0.07219999999999999
20/1/2008,13:30:00,0.08239999999999999
20/1/2008,13:45:00,0.2452
20/1/2008,14:00:00,0.3499666666666667
20/1/2008,14:15:00,0.3406666666666667
20/1/2008,14:30:00,0.07106666666666665
20/1/2008,14:45:00,0.0791
20/1/2008,15:00:00,0.2884
20/1/2008,15:15:00,0.34570000000000006
20/1/2008,15:30:00,0.5779
20/1/2008,15:45:00,0.3909333333333333
20/1/2008,16:00:00,0.9969666666666667
20/1/2008,16:15:00,0.7650333333333335
20/1/2008,16:30:00,0.6534
20/1/2008,16:45:00,0.6545666666666669
20/1/2008,17:00:00,0.6075999999999999
20/1/2008,17:15:00,0.5344333333333334
20/1/2008,17:30:00,0.5889333333333333
20/1/2008,17:45:00,0.36406666666666665
20/1/2008,18:00:00,0.3478333333333333
20/1/2008,18:15:00,0.15386666666666662
20/1/2008,18:30:00,0.07479999999999999
20/1/2008,18:45:00,0.08626666666666669
20/1/2008,19:00:00,0.09396666666666667
20/1/2008,19:15:00,0.11956666666666664
20/1/2008,19:30:00,0.0761
20/1/2008,19:45:00,0.08836666666666668
20/1/2008,20:00:00,0.5018333333333334
20/1/2008,20:15:00,1.1913999999999998
20/1/2008,20:30:00,1.4007666666666667
20/1/2008,20:45:00,1.2336
20/1/2008,21:00:00,0.9227333333333334
20/1/2008,21:15:00,0.4012333333333333
20/1/2008,21:30:00,0.28169999999999995
20/1/2008,21:45:00,0.5579333333333333
20/1/2008,22:00:00,0.6421333333333332
20/1/2008,22:15:00,0.3607
20/1/2008,22:30:00,0.37810000000000005
20/1/2008,22:45:00,0.5523666666666665
20/1/2008,23:00:00,0.07590000000000001
20/1/2008,23:15:00,0.07723333333333335
20/1/2008,23:30:00,0.09300000000000001
20/1/2008,23:45:00,0.08896666666666667
21/1/2008,00:00:00,0.0776
21/1/2008,00:15:00,0.07356666666666668
21/1/2008,00:30:00,0.06853333333333333
21/1/2008,00:45:00,0.06793333333333333
21/1/2008,01:00:00,0.39059999999999995
21/1/2008,01:15:00,0.6542
21/1/2008,01:30:00,0.8992666666666667
21/1/2008,01:45:00,0.8919333333333331
21/1/2008,02:00:00,0.8869333333333335
21/1/2008,02:15:00,0.7207
21/1/2008,02:30:00,0.5620999999999999
21/1/2008,02:45:00,0.5702666666666667
21/1/2008,03:00:00,0.6125333333333332
21/1/2008,03:15:00,0.6223666666666666
21/1/2008,03:30:00,0.6212
21/1/2008,03:45:00,0.7542666666666669
21/1/2008,04:00:00,0.8765333333333333
21/1/2008,04:15:00,0.8134333333333332
21/1/2008,04:30:00,0.7247000000000001
21/1/2008,04:45:00,0.5899333333333333
21/1/2008,05:00:00,0.6006999999999999
21/1/2008,05:15:00,0.41946666666666665
21/1/2008,05:30:00,0.40733333333333344
21/1/2008,05:45:00,0.4
21/1/2008,06:00:00,0.27996666666666675
21/1/2008,06:15:00,0.14413333333333336
21/1/2008,06:30:00,0.14453333333333335
21/1/2008,06:45:00,0.12153333333333334
21/1/2008,07:00:00,0.1265
21/1/2008,07:15:00,0.11513333333333337
21/1/2008,07:30:00,0.1449666666666667
21/1/2008,07:45:00,0.28900000000000003
21/1/2008,08:00:00,0.3178666666666666
21/1/2008,08:15:00,0.3843666666666667
21/1/2008,08:30:00,0.28873333333333334
21/1/2008,08:45:00,0.27296666666666664
21/1/2008,09:00:00,0.22779999999999997
21/1/2008,09:15:00,0.1287333333333333
21/1/2008,09:30:00,0.10633333333333334
21/1/2008,09:45:00,0.08350000000000002
21/1/2008,10:00:00,0.08496666666666666
21/1/2008,10:15:00,0.08386666666666664
21/1/2008,10:30:00,0.07066666666666667
21/1/2008,10:45:00,0.0745
21/1/2008,11:00:00,0.07843333333333335
21/1/2008,11:15:00,0.0683
21/1/2008,11:30:00,0.0726
21/1/2008,11:45:00,0.08133333333333333
21/1/2008,12:00:00,0.06520000000000002
21/1/2008,12:15:00,0.08856666666666665
21/1/2008,12:30:00,0.10346666666666664
21/1/2008,12:45:00,0.0811
21/1/2008,13:00:00,0.07656666666666667
21/1/2008,13:15:00,0.08470000000000001
21/1/2008,13:30:00,0.0631
21/1/2008,13:45:00,0.18556666666666666
21/1/2008,14:00:00,0.3503333333333334
21/1/2008,14:15:00,0.33323333333333327
21/1/2008,14:30:00,0.08779999999999999
21/1/2008,14:45:00,0.07709999999999999
21/1/2008,15:00:00,0.07110000000000001
21/1/2008,15:15:00,0.07150000000000001
21/1/2008,15:30:00,0.07956666666666666
21/1/2008,15:45:00,0.09313333333333335
21/1/2008,16:00:00,0.08553333333333334
21/1/2008,16:15:00,0.08719999999999999
21/1/2008,16:30:00,0.07403333333333331
21/1/2008,16:45:00,0.059833333333333336
21/1/2008,17:00:00,0.08213333333333331
21/1/2008,17:15:00,0.07523333333333335
21/1/2008,17:30:00,0.057899999999999986
21/1/2008,17:45:00,0.1883
21/1/2008,18:00:00,0.3398333333333333
21/1/2008,18:15:00,0.09380000000000001
21/1/2008,18:30:00,0.09196666666666668
21/1/2008,18:45:00,0.10826666666666665
21/1/2008,19:00:00,0.14886666666666667
21/1/2008,19:15:00,0.12756666666666666
21/1/2008,19:30:00,0.13343333333333335
21/1/2008,19:45:00,0.11573333333333331
21/1/2008,20:00:00,0.2859333333333334
21/1/2008,20:15:00,0.4960333333333333
21/1/2008,20:30:00,0.7401333333333334
21/1/2008,20:45:00,0.6031666666666666
21/1/2008,21:00:00,0.35366666666666663
21/1/2008,21:15:00,0.28016666666666673
21/1/2008,21:30:00,0.10166666666666667
21/1/2008,21:45:00,0.19446666666666668
21/1/2008,22:00:00,0.2526666666666667
21/1/2008,22:15:00,0.3324333333333333
21/1/2008,22:30:00,0.29653333333333337
21/1/2008,22:45:00,0.2768333333333333
21/1/2008,23:00:00,0.5180666666666667
21/1/2008,23:15:00,0.48256666666666675
21/1/2008,23:30:00,0.4617
21/1/2008,23:45:00,0.46936666666666665
22/1/2008,00:00:00,0.4452000000000001
22/1/2008,00:15:00,0.3909333333333334
22/1/2008,00:30:00,0.4722666666666667
22/1/2008,00:45:00,0.2526666666666667
22/1/2008,01:00:00,0.22830000000000003
22/1/2008,01:15:00,0.2653666666666667
22/1/2008,01:30:00,0.28759999999999997
22/1/2008,01:45:00,0.2415666666666667
22/1/2008,02:00:00,0.26669999999999994
22/1/2008,02:15:00,0.3417
22/1/2008,02:30:00,0.49100000000000005
22/1/2008,02:45:00,0.5345
22/1/2008,03:00:00,0.6288333333333334
22/1/2008,03:15:00,0.7929333333333333
22/1/2008,03:30:00,0.7003666666666667
22/1/2008,03:45:00,0.5664666666666667
22/1/2008,04:00:00,0.6482666666666668
22/1/2008,04:15:00,0.6962666666666668
22/1/2008,04:30:00,0.6660999999999999
22/1/2008,04:45:00,0.7258333333333332
22/1/2008,05:00:00,0.47019999999999995
22/1/2008,05:15:00,0.2378
22/1/2008,05:30:00,0.5229
22/1/2008,05:45:00,1.0113999999999999
22/1/2008,06:00:00,0.9541333333333334
22/1/2008,06:15:00,0.6705666666666666
22/1/2008,06:30:00,0.657
22/1/2008,06:45:00,0.8748000000000001
22/1/2008,07:00:00,0.4519666666666666
22/1/2008,07:15:00,0.5800333333333333
22/1/2008,07:30:00,0.6335333333333335
22/1/2008,07:45:00,0.5546333333333333
22/1/2008,08:00:00,0.4847666666666667
22/1/2008,08:15:00,0.4418666666666667
22/1/2008,08:30:00,0.2909
22/1/2008,08:45:00,0.2744333333333333
22/1/2008,09:00:00,0.23773333333333338
22/1/2008,09:15:00,0.16486666666666672
22/1/2008,09:30:00,0.10669999999999999
22/1/2008,09:45:00,0.10106666666666664
22/1/2008,10:00:00,0.12386666666666665
22/1/2008,10:15:00,0.11420000000000002
22/1/2008,10:30:00,0.11363333333333335
22/1/2008,10:45:00,0.09793333333333333
22/1/2008,11:00:00,0.10756666666666664
22/1/2008,11:15:00,0.10326666666666665
22/1/2008,11:30:00,0.08230000000000001
22/1/2008,11:45:00,0.0931
22/1/2008,12:00:00,0.11496666666666665
22/1/2008,12:15:00,0.08366666666666667
22/1/2008,12:30:00,0.08286666666666667
22/1/2008,12:45:00,0.11043333333333333
22/1/2008,13:00:00,0.09929999999999999
22/1/2008,13:15:00,0.09046666666666667
22/1/2008,13:30:00,0.11073333333333335
22/1/2008,13:45:00,0.38003333333333333
22/1/2008,14:00:00,0.36299999999999993
22/1/2008,14:15:00,0.15023333333333336
22/1/2008,14:30:00,0.10666666666666669
22/1/2008,14:45:00,0.10026666666666666
22/1/2008,15:00:00,0.0828
22/1/2008,15:15:00,0.09366666666666668
22/1/2008,15:30:00,0.10173333333333333
22/1/2008,15:45:00,0.09173333333333332
22/1/2008,16:00:00,0.09113333333333334
22/1/2008,16:15:00,0.08716666666666667
22/1/2008,16:30:00,0.10750000000000001
22/1/2008,16:45:00,0.10546666666666665
22/1/2008,17:00:00,0.11203333333333333
22/1/2008,17:15:00,0.6146333333333335
22/1/2008,17:30:00,0.4805333333333333
22/1/2008,17:45:00,0.4738
22/1/2008,18:00:00,0.6723
22/1/2008,18:15:00,0.5441333333333334
22/1/2008,18:30:00,0.7692
22/1/2008,18:45:00,0.48519999999999996
22/1/2008,19:00:00,0.4002666666666666
22/1/2008,19:15:00,0.4527333333333334
22/1/2008,19:30:00,0.37783333333333335
22/1/2008,19:45:00,0.3673666666666667
22/1/2008,20:00:00,0.39046666666666663
22/1/2008,20:15:00,0.40730000000000005
22/1/2008,20:30:00,0.39416666666666667
22/1/2008,20:45:00,0.3913333333333333
22/1/2008,21:00:00,0.4103333333333334
22/1/2008,21:15:00,0.39436666666666664
22/1/2008,21:30:00,0.38316666666666666
22/1/2008,21:45:00,0.39296666666666674
22/1/2008,22:00:00,0.3879666666666668
22/1/2008,22:15:00,0.39353333333333335
22/1/2008,22:30:00,0.3909
22/1/2008,22:45:00,0.44799999999999995
22/1/2008,23:00:00,0.3829
22/1/2008,23:15:00,0.3761999999999999
22/1/2008,23:30:00,0.3644666666666667
22/1/2008,23:45:00,0.38206666666666667
23/1/2008,00:00:00,0.37813333333333327
23/1/2008,00:15:00,0.3415
23/1/2008,00:30:00,0.3426666666666667
23/1/2008,00:45:00,0.3774333333333334
23/1/2008,01:00:00,0.35556666666666675
23/1/2008,01:15:00,0.35163333333333335
23/1/2008,01:30:00,0.36946666666666667
23/1/2008,01:45:00,0.3886333333333334
23/1/2008,02:00:00,0.3567000000000001
23/1/2008,02:15:00,0.1826
23/1/2008,02:30:00,0.13256666666666667
23/1/2008,02:45:00,0.11823333333333333
23/1/2008,03:00:00,0.0853
23/1/2008,03:15:00,0.09799999999999998
23/1/2008,03:30:00,0.10676666666666668
23/1/2008,03:45:00,0.09323333333333332
23/1/2008,04:00:00,0.0954
23/1/2008,04:15:00,0.09159999999999999
23/1/2008,04:30:00,0.10646666666666667
23/1/2008,04:45:00,0.12633333333333333
23/1/2008,05:00:00,0.1947333333333334
23/1/2008,05:15:00,0.3919
23/1/2008,05:30:00,0.38439999999999996
23/1/2008,05:45:00,0.36543333333333333
23/1/2008,06:00:00,0.2682
23/1/2008,06:15:00,0.2816
23/1/2008,06:30:00,0.3480333333333333
23/1/2008,06:45:00,0.4762
23/1/2008,07:00:00,0.6775666666666667
23/1/2008,07:15:00,0.7194333333333334
23/1/2008,07:30:00,0.6826666666666666
23/1/2008,07:45:00,0.6867333333333333
23/1/2008,08:00:00,0.8766999999999999
23/1/2008,08:15:00,0.5538666666666667
23/1/2008,08:30:00,0.6525333333333334
23/1/2008,08:45:00,0.9024000000000001
23/1/2008,09:00:00,0.9708666666666667
23/1/2008,09:15:00,0.8092666666666666
23/1/2008,09:30:00,0.6053000000000001
23/1/2008,09:45:00,0.6598333333333333
23/1/2008,10:00:00,0.6294333333333333
23/1/2008,10:15:00,0.4036333333333334
23/1/2008,10:30:00,0.30640000000000006
23/1/2008,10:45:00,0.14773333333333338
23/1/2008,11:00:00,0.08189999999999999
23/1/2008,11:15:00,0.10476666666666667
23/1/2008,11:30:00,0.10940000000000001
23/1/2008,11:45:00,0.08596666666666665
23/1/2008,12:00:00,0.11256666666666666
23/1/2008,12:15:00,0.12776666666666667
23/1/2008,12:30:00,0.11156666666666668
23/1/2008,12:45:00,0.09520000000000002
23/1/2008,13:00:00,0.10259999999999998
23/1/2008,13:15:00,0.09553333333333335
23/1/2008,13:30:00,0.08296666666666667
23/1/2008,13:45:00,0.09863333333333334
23/1/2008,14:00:00,0.1042
23/1/2008,14:15:00,0.08176666666666665
23/1/2008,14:30:00,0.09423333333333332
23/1/2008,14:45:00,0.10333333333333335
23/1/2008,15:00:00,0.08750000000000001
23/1/2008,15:15:00,0.0968
23/1/2008,15:30:00,0.11610000000000001
23/1/2008,15:45:00,0.11456666666666665
23/1/2008,16:00:00,0.10296666666666666
23/1/2008,16:15:00,0.08950000000000001
23/1/2008,16:30:00,0.10643333333333332
23/1/2008,16:45:00,0.08603333333333334
23/1/2008,17:00:00,0.09020000000000002
23/1/2008,17:15:00,0.14406666666666668
23/1/2008,17:30:00,0.3586333333333333
23/1/2008,17:45:00,0.3617666666666667
23/1/2008,18:00:00,0.2874666666666666
23/1/2008,18:15:00,0.09906666666666666
23/1/2008,18:30:00,0.09250000000000001
23/1/2008,18:45:00,0.0882
23/1/2008,19:00:00,0.5356666666666667
23/1/2008,19:15:00,0.3962666666666667
23/1/2008,19:30:00,0.4630666666666667
23/1/2008,19:45:00,0.43800000000000006
23/1/2008,20:00:00,0.7422
23/1/2008,20:15:00,0.9323
23/1/2008,20:30:00,1.0051666666666665
23/1/2008,20:45:00,0.3812
23/1/2008,21:00:00,0.36336666666666667
23/1/2008,21:15:00,0.7574666666666667
23/1/2008,21:30:00,0.3462666666666666
23/1/2008,21:45:00,0.09590000000000001
23/1/2008,22:00:00,0.08096666666666667
23/1/2008,22:15:00,0.1024
23/1/2008,22:30:00,0.12023333333333334
23/1/2008,22:45:00,0.10093333333333332
23/1/2008,23:00:00,0.10313333333333335
23/1/2008,23:15:00,0.1098
23/1/2008,23:30:00,0.08406666666666669
23/1/2008,23:45:00,0.08553333333333335
24/1/2008,00:00:00,0.11526666666666666
24/1/2008,00:15:00,0.08743333333333332
24/1/2008,00:30:00,0.08246666666666669
24/1/2008,00:45:00,0.6266333333333334
24/1/2008,01:00:00,0.7613
24/1/2008,01:15:00,0.47790000000000005
24/1/2008,01:30:00,0.8177
24/1/2008,01:45:00,0.6795333333333333
24/1/2008,02:00:00,0.4341666666666667
24/1/2008,02:15:00,0.8848333333333334
